Open,High,Low,Close,Volume,Date,Price,MA20,MA50,RSI,MACD,Signal_Line,BB_High,BB_Low,Lag_1,Lag_2,Lag_3,Lag_4,Lag_5,Lag_6,Lag_7,Return_1d,Return_5d,Volatility_5d,Price_Change,Volume_Change,Tomorrow
4271.32489689292,4334.167378134563,4266.415328045917,4306.03564453125,2330091.0,2024-07-31,4300.29135309024,4095.9335205078123,3892.33744140625,81.81906790871243,126.89439729793867,111.16990879737871,4450.966071100347,3740.9009699152775,4286.3974609375,4301.86279296875,4308.49072265625,4244.322265625,4228.3662109375,4224.537109375,4209.80859375,0.004581512510847485,0.018368662911183664,26.63426634540217,34.71074763832985,0.29600268312136446,4317.5732421875
4319.831452135074,4339.371440757876,4286.102617400063,4317.5732421875,2202244.0,2024-08-01,4312.7370290789695,4115.032202148437,3902.2584912109373,92.96352847516322,126.3507383291435,114.20607470373167,4474.81299572172,3755.2514085751545,4306.03564453125,4286.3974609375,4301.86279296875,4308.49072265625,4244.322265625,4228.3662109375,4224.537109375,0.002679401335403009,0.017258580281653835,11.433880324921487,-2.2582099475739597,-0.05486781417549791,4205.5859375
4286.053969556137,4318.457126714295,4192.772153494779,4205.5859375,2811282.0,2024-08-02,4255.614640104537,4131.085913085937,3911.2495654296877,77.17361206619906,115.55144003573878,114.4751477701331,4475.899026552417,3786.272799619457,4317.5732421875,4306.03564453125,4286.3974609375,4301.86279296875,4308.49072265625,4244.322265625,4228.3662109375,-0.02593755760603189,-0.023884183993973518,44.95839544724463,-80.46803205613742,0.27655337010794434,4079.900634765625
4162.332487870675,4162.332487870675,4036.1565679151713,4079.900634765625,2787771.0,2024-08-05,4099.2445278929235,4138.127087402344,3917.99927734375,49.59986030455557,95.74744782094785,110.72960778029605,4472.009323050737,3804.2448517539506,4205.5859375,4317.5732421875,4306.03564453125,4286.3974609375,4301.86279296875,4308.49072265625,4244.322265625,-0.029885325042029343,-0.051596754449238724,99.17548881354526,-82.43185310505032,-0.008363088441501021,4095.759033203125
4095.513554753193,4181.23443768936,4085.546746125882,4095.759033203125,2203067.0,2024-08-06,4133.390591907621,4146.409350585937,3924.8349609375,50.21412535636483,80.40541792322256,104.66476980888136,4466.498480779551,3826.320220392324,4079.900634765625,4205.5859375,4317.5732421875,4306.03564453125,4286.3974609375,4301.86279296875,4308.49072265625,0.0038869570259549846,-0.04447521012031386,112.23140308861797,0.24547844993185208,-0.20973889175258653,4124.47998046875
4151.531513665411,4168.175144224216,4104.694033994683,4124.47998046875,1237666.0,2024-08-07,4136.434589109449,4157.038720703125,3931.0410888671877,38.586060748763835,69.76013766644337,97.68384338039377,4457.877584391408,3856.199857014842,4095.759033203125,4079.900634765625,4205.5859375,4317.5732421875,4306.03564453125,4286.3974609375,4301.86279296875,0.007012362551798823,-0.042163065764000196,98.23863698449074,-27.051533196660785,-0.4382077349440575,4097.08447265625
4105.381836528783,4155.459443240806,4084.7616455297134,4097.08447265625,2441283.0,2024-08-08,4120.110544385259,4166.67548828125,3937.5604052734375,36.617559331623646,58.439434418493875,89.8349615880138,4444.932936801594,3888.418039760906,4124.47998046875,4095.759033203125,4079.900634765625,4205.5859375,4317.5732421875,4306.03564453125,4286.3974609375,-0.006642172575022753,-0.05106775430624522,50.16011511595482,-8.297363872533424,0.9724893468835696,4152.26806640625
4140.730579021024,4176.717624634707,4129.487474001761,4152.26806640625,1302536.0,2024-08-09,4153.102549318234,4182.811206054687,3945.231396484375,44.43280705235409,53.30607115393559,82.52918350119816,4411.826714449524,3953.7956976598507,4097.08447265625,4124.47998046875,4095.759033203125,4079.900634765625,4205.5859375,4317.5732421875,4306.03564453125,0.01346899096620846,-0.012677869834576416,28.599805361141186,11.537487385226086,-0.46645431930669246,4119.76611328125
4153.494944715224,4162.332168001852,4110.634507665087,4119.76611328125,936912.0,2024-08-12,4136.48333783347,4196.609143066406,3952.39244140625,40.20017903303891,46.083980356586835,75.2401428722759,4364.801960529063,4028.41632560375,4152.26806640625,4097.08447265625,4124.47998046875,4095.759033203125,4079.900634765625,4205.5859375,4317.5732421875,-0.00782751802272974,0.009771188586291446,23.191846885048204,-33.72883143397394,-0.28070164663395103,4121.04345703125
4136.802982285547,4157.423172797769,4107.345567268085,4121.04345703125,1495593.0,2024-08-13,4132.384370032927,4198.445861816406,3960.289267578125,39.91334907080393,40.00236991300517,68.19258828042176,4362.219332935098,4034.6723906977154,4119.76611328125,4152.26806640625,4097.08447265625,4124.47998046875,4095.759033203125,4079.900634765625,4205.5859375,0.00031005249202920027,0.006173318211142753,19.65124089348718,-15.759525254296932,0.5963003996106357,4217.5654296875
4132.875360818273,4228.317578037032,4112.40236132334,4217.5654296875,3226545.0,2024-08-14,4170.359969680187,4204.655590820313,3971.4400244140625,47.81601746612113,42.481466445022306,63.050363913341876,4360.898921120058,4048.412260520567,4121.04345703125,4119.76611328125,4152.26806640625,4097.08447265625,4124.47998046875,4095.759033203125,4079.900634765625,0.02342173133155545,0.022569014678105237,46.81202181124954,84.6900688692267,1.157368348207032,4336.18017578125
4271.32496210224,4346.932323500371,4246.875404760914,4336.18017578125,3457058.0,2024-08-16,4296.903864130642,4210.0806640625,3985.614541015625,52.0756210062743,53.40180425456492,61.120651981586484,4376.86885040771,4043.292477717289,4217.5654296875,4121.04345703125,4119.76611328125,4152.26806640625,4097.08447265625,4124.47998046875,4095.759033203125,0.02812398481332834,0.058357523434216185,91.15643260598809,64.85521367901038,0.07144267319997089,4408.79248046875
4341.040435668673,4412.965613662957,4310.94487687575,4408.79248046875,2055210.0,2024-08-19,4361.955245269353,4219.290991210937,4001.003251953125,57.29397109616736,67.14149146783075,62.32481987883534,4408.314131673403,4030.267850748471,4336.18017578125,4217.5654296875,4121.04345703125,4119.76611328125,4152.26806640625,4097.08447265625,4124.47998046875,0.016745684391312743,0.06177934804785368,129.2762960593624,67.75204480007687,-0.4055031764002802,4441.490234375
4423.5214046887,4482.436229168461,4418.611835982054,4441.490234375,2212298.0,2024-08-20,4450.5240325752575,4230.875073242188,4016.4297216796876,60.33630832091857,79.7494263030203,65.80974116367234,4444.276138654037,4017.474007830339,4408.79248046875,4336.18017578125,4217.5654296875,4121.04345703125,4119.76611328125,4152.26806640625,4097.08447265625,0.007416487405815353,0.07809281212750885,134.03309218220667,17.968829686299614,0.07643403837077467,4469.1806640625
4436.286551737751,4477.52693136878,4411.29665372891,4469.1806640625,1896990.0,2024-08-21,4444.411792548845,4243.107250976563,4030.7651904296877,60.75749790079383,90.92753572101265,70.8333000751404,4481.554831579253,4004.6596703738724,4441.490234375,4408.79248046875,4336.18017578125,4217.5654296875,4121.04345703125,4119.76611328125,4152.26806640625,0.006234490728627362,0.08447792668559817,100.9020089259737,32.894112324748676,-0.14252510285684838,4420.576171875
4477.527175422035,4478.46018536363,4415.863177154606,4420.576171875,1829872.0,2024-08-22,4447.161681259118,4252.717749023437,4042.8834423828125,56.475304211909894,94.77182109370096,75.62100427885251,4503.821676960942,4001.6138210859326,4469.1806640625,4441.490234375,4408.79248046875,4336.18017578125,4217.5654296875,4121.04345703125,4119.76611328125,-0.010875481624257777,0.04813458038101892,49.797517534269346,-56.951003547034816,-0.03538131460893312,4383.16455078125
4418.611731898268,4424.503214207465,4374.425614579285,4383.16455078125,1809253.0,2024-08-23,4399.464414393375,4259.65986328125,4054.944111328125,62.31856518646479,93.71930201247505,79.24066382557703,4517.376411944918,4001.943314617583,4420.576171875,4469.1806640625,4441.490234375,4408.79248046875,4336.18017578125,4217.5654296875,4121.04345703125,-0.008463064460188185,0.010835429593636592,32.61775824790972,-35.44718111701786,-0.011268001259104432,4421.017578125
4407.810646937247,4469.818401872383,4403.882992094799,4421.017578125,1844164.0,2024-08-26,4436.850696983591,4265.286206054688,4067.89115234375,76.94684631552312,94.84626728380772,82.36178451722317,4532.239143781249,3998.3332683281265,4383.16455078125,4420.576171875,4469.1806640625,4441.490234375,4408.79248046875,4336.18017578125,4217.5654296875,0.008636004171233669,0.002772890243849746,31.574277577173657,13.20693118775307,0.019295808822757277,4415.8134765625
4423.521595654713,4428.431164573309,4405.650573010988,4415.8134765625,930697.0,2024-08-27,4417.040868792148,4270.983740234375,4081.13478515625,75.71586791002704,94.23320613489432,84.7360688407574,4545.966902055976,3996.000578412774,4421.017578125,4383.16455078125,4420.576171875,4469.1806640625,4441.490234375,4408.79248046875,4336.18017578125,-0.0011771275437242323,-0.005781113197947496,30.722387732164727,-7.708119092212655,-0.4953285065753371,4424.552734375
4417.384955013821,4479.981963267699,4376.684433945564,4424.552734375,1848058.0,2024-08-28,4428.333198606631,4277.89150390625,4093.642138671875,74.9102370681793,93.37615365130296,86.46408580286652,4561.316522599933,3994.466485212568,4415.8134765625,4421.017578125,4383.16455078125,4420.576171875,4469.1806640625,4441.490234375,4408.79248046875,0.0019790821915111056,-0.009985707234071217,16.979489028148244,7.167779361178873,0.9856709541343747,4430.1982421875
4379.335301984835,4473.599021489441,4379.335301984835,4430.1982421875,2133641.0,2024-08-29,4426.467161737138,4284.099633789063,4107.165625,78.68909816204268,92.09091197368707,87.58945103703063,4575.448837591939,3992.750429986186,4424.552734375,4415.8134765625,4421.017578125,4383.16455078125,4420.576171875,4469.1806640625,4441.490234375,0.001275949943739807,0.002176655245467396,18.5242899530835,50.86294020266541,0.15453140539961407,4471.39013671875
4418.6122679625305,4509.193819455762,4406.63272736712,4471.39013671875,3637222.0,2024-08-30,4457.913273411441,4291.790478515625,4121.845048828125,78.16281258402796,93.32045025755087,88.73565088113467,4594.7495590668095,3988.8313979644413,4430.1982421875,4424.552734375,4415.8134765625,4421.017578125,4383.16455078125,4420.576171875,4469.1806640625,0.009297979972767711,0.02012828515000087,22.311103412719966,52.777868756219505,0.7047019625138438,4439.28125
4493.237605774205,4505.0205715236125,4430.395121777363,4439.28125,1216500.0,2024-09-02,4467.707846650488,4303.475244140625,4136.144838867188,78.21707719467402,90.65889014047752,89.12029873300325,4610.435416817663,3996.515071463587,4471.39013671875,4430.1982421875,4424.552734375,4415.8134765625,4421.017578125,4383.16455078125,4420.576171875,-0.007180962907949784,0.0041311013928937435,21.419144071410575,-53.956355774204894,-0.6655414489409774,4430.73876953125
4439.281131802064,4473.500923144872,4414.586095966468,4430.73876953125,1717263.0,2024-09-03,4444.0435095556695,4321.017150878906,4150.556899414062,77.00336000790189,86.8590210638904,88.66804319918069,4613.959620619614,4028.0746811381987,4439.28125,4471.39013671875,4430.1982421875,4424.552734375,4415.8134765625,4421.017578125,4383.16455078125,-0.001924293593416726,0.0033799645406147327,18.73080861726992,-8.54236227081401,0.41164241676942037,4398.2373046875
4395.979094770648,4405.847136492228,4356.457065075125,4398.2373046875,1265505.0,2024-09-04,4381.152100783676,4336.141064453125,4163.858500976563,67.73316668072479,80.29935982189,86.99430652372256,4610.7775543749885,4061.504574531262,4430.73876953125,4439.28125,4471.39013671875,4430.1982421875,4424.552734375,4415.8134765625,4421.017578125,-0.00733545048226536,-0.005947590924400448,26.124550362418297,2.258209916852138,-0.2630686155818882,4394.9970703125
4399.955543002937,4417.629990620445,4373.591062750139,4394.9970703125,1688793.0,2024-09-05,4395.610526685292,4349.666918945312,4176.9767578125,57.46324973575002,73.98645143631256,84.39273550624056,4606.47909595668,4092.854741933945,4398.2373046875,4430.73876953125,4439.28125,4471.39013671875,4430.1982421875,4424.552734375,4415.8134765625,-0.0007367120395133098,-0.00794573288838174,31.57034453286807,-4.958472690436793,0.33448149157846085,4376.14453125
4393.033641173875,4437.219764224585,4359.697474336681,4376.14453125,1649179.0,2024-09-06,4398.458619280633,4363.619921875,4189.2937841796875,45.20283368799872,66.69338389919267,80.85286518483099,4591.32415926993,4135.91568448007,4394.9970703125,4398.2373046875,4430.73876953125,4439.28125,4471.39013671875,4430.1982421875,4424.552734375,-0.004289545308197362,-0.021301117226743327,26.337488836350563,-16.889109923875367,-0.023456989696191255,4369.07421875
4374.425840570686,4409.03830092537,4350.3689532319695,4369.07421875,1184938.0,2024-09-09,4379.70362707867,4374.460229492188,4201.128486328125,38.49283692521602,59.655390000888474,76.61337014804249,4579.293250506992,4169.627208477384,4376.14453125,4394.9970703125,4398.2373046875,4430.73876953125,4439.28125,4471.39013671875,4430.1982421875,-0.0016156487633145478,-0.01581495456049331,24.02429923644232,-5.351621820685978,-0.28149824852244665,4426.3203125
4362.103244516713,4457.83984203426,4360.139416875328,4426.3203125,1385591.0,2024-09-10,4408.989629454794,4389.787939453125,4212.573999023438,43.774133054163016,58.02809867029828,72.89631585249366,4556.7517189414775,4222.824159964772,4369.07421875,4376.14453125,4394.9970703125,4398.2373046875,4430.73876953125,4439.28125,4471.39013671875,0.013102568389506075,-0.0009972280608449013,22.350617689519815,64.21706798328705,0.1693362859491383,4398.3359375
4439.674606828533,4467.06990758778,4390.38233935696,4398.3359375,1325919.0,2024-09-11,4428.72612347237,4403.652563476562,4224.047607421875,46.5635355114408,53.85949465151316,69.08895161229756,4512.638518961999,4294.666607991126,4426.3203125,4369.07421875,4376.14453125,4394.9970703125,4398.2373046875,4430.73876953125,4439.28125,-0.006322266131750909,2.2425532245629043e-05,22.35648846497808,-41.33866932853289,-0.04306609959215957,4435.99169921875
4428.676250398551,4450.622117409099,4351.153972266564,4435.99169921875,2742216.0,2024-09-12,4400.888044837831,4414.573876953125,4234.823486328125,58.15646787773516,52.983589364769614,65.86787916279198,4480.191757089813,4348.955996816438,4398.3359375,4426.3203125,4369.07421875,4376.14453125,4394.9970703125,4398.2373046875,4430.73876953125,0.008561365537747667,0.009327566833471135,29.620660315120528,7.315448820198981,1.068162534815475,4440.80322265625
4448.069288517899,4464.761822271718,4423.521444762281,4440.80322265625,1458786.0,2024-09-13,4444.141633517,4419.805029296875,4244.92755859375,53.401998498859044,52.07736242726696,63.10977581568698,4474.954990437241,4364.655068156509,4435.99169921875,4398.3359375,4426.3203125,4369.07421875,4376.14453125,4394.9970703125,4398.2373046875,0.0010846556449479738,0.014775264149646583,30.072708338505247,-7.266065861648713,-0.46802658871511216,4431.6220703125
4445.123383881834,4463.828648356052,4413.162284266815,4431.6220703125,1155120.0,2024-09-16,4438.495466311433,4420.946508789062,4255.869765625,52.68149983766557,50.04148173453996,60.49611699945758,4476.081784026236,4365.811233551888,4440.80322265625,4435.99169921875,4398.3359375,4426.3203125,4369.07421875,4376.14453125,4394.9970703125,-0.0020674530897719645,0.014316042353795355,16.689001763738258,-13.501313569334343,-0.20816350033521025,4424.16015625
4431.622797592129,4453.7647636995625,4385.227366985309,4424.16015625,1699364.0,2024-09-17,4419.496065342436,4420.080004882812,4265.57142578125,49.93311993824408,47.28089281377561,57.85307216232118,4474.3944587547585,4365.765551010866,4431.6220703125,4440.80322265625,4435.99169921875,4398.3359375,4426.3203125,4369.07421875,4376.14453125,-0.001683788451295798,-0.0004880252890645531,16.72644435265417,-7.4626413421292455,0.4711579749290118,4267.54443359375
4415.715125527233,4415.715125527233,4242.84939817985,4267.54443359375,2961779.0,2024-09-18,4329.282261853541,4409.998193359375,4272.3200390625,31.702266268100544,32.08566273160977,52.69959027617891,4493.141888663483,4326.854498055268,4424.16015625,4431.6220703125,4440.80322265625,4435.99169921875,4398.3359375,4426.3203125,4369.07421875,-0.0354001024205689,-0.02973658805620738,74.31091438716152,-148.17069193348289,0.7428749814636535,4218.44873046875
4310.650337218327,4342.219248359466,4204.35817203477,4218.44873046875,2927551.0,2024-09-19,4273.288710197118,4399.891821289062,4278.451162109375,22.042527929192076,15.898453013598555,45.33936282366284,4518.987253878707,4280.796388699418,4267.54443359375,4424.16015625,4431.6220703125,4440.80322265625,4435.99169921875,4398.3359375,4426.3203125,-0.011504438650602578,-0.04904043638952549,105.23723214703647,-92.20160674957697,-0.011556567860059763,4207.40234375
4238.8235853352135,4252.374283438895,4151.040587546543,4207.40234375,5447908.0,2024-09-20,4201.707435492719,4391.1037109375,4284.5122265625,23.118958830042317,2.153794003249459,36.70224905958016,4538.073424621173,4244.133997253827,4218.44873046875,4267.54443359375,4424.16015625,4431.6220703125,4440.80322265625,4435.99169921875,4398.3359375,-0.0026185897766078936,-0.052558257415117327,110.15298813198825,-31.421241585213465,0.8609096818467039,4191.298828125
4222.22911114853,4231.459004478235,4176.0791650499295,4191.298828125,1702319.0,2024-09-23,4203.769084764082,4379.6177734375,4291.74712890625,22.72065278221271,-9.923969077544825,27.377005432155165,4550.675828252858,4208.559718622141,4207.40234375,4218.44873046875,4267.54443359375,4424.16015625,4431.6220703125,4440.80322265625,4435.99169921875,-0.00382742469327213,-0.05422918253734421,95.13499281487499,-30.930283023530137,-0.6875279465071731,4194.0478515625
4174.753342987435,4213.39174349326,4163.314144118252,4194.0478515625,3012026.0,2024-09-24,4188.352943805756,4368.5294921875,4298.751938476563,25.044935586358676,-19.05421498825308,18.090761348073517,4557.519129004563,4179.539855370437,4191.298828125,4207.40234375,4218.44873046875,4267.54443359375,4424.16015625,4431.6220703125,4440.80322265625,0.0006558881984393139,-0.05201265247199993,30.93732738523819,19.294508575065265,0.7693663761022465,4197.435546875
4175.44077610614,4212.017061063411,4163.314046143049,4197.435546875,2713073.0,2024-09-25,4187.66555360323,4357.1736328125,4301.014467773438,25.863669335980376,-25.720156004610544,9.328577877536706,4558.856848213948,4155.490417411052,4194.0478515625,4191.298828125,4207.40234375,4218.44873046875,4267.54443359375,4424.16015625,4431.6220703125,0.0008077388318872281,-0.01642839056738543,11.157491376611059,21.99477076885978,-0.09925312729704194,4214.86474609375
4182.952549413949,4238.725058292773,4182.952549413949,4214.86474609375,3964251.0,2024-09-26,4210.838803853361,4346.406958007812,4303.444345703125,30.22748795873825,-29.259288703628044,1.611004561303755,4554.562955667174,4138.2509603484505,4197.435546875,4194.0478515625,4191.298828125,4207.40234375,4218.44873046875,4267.54443359375,4424.16015625,0.004152344693351129,-0.0008495977085400952,9.853567032317432,31.912196679801127,0.46116636006476797,4230.77197265625
4256.596112539378,4298.818403851764,4222.2780351461415,4230.77197265625,3012477.0,2024-09-27,4260.548219498953,4334.376049804688,4303.5062109375,33.4040740562793,-30.429721734013583,-4.797140697759713,4539.91419675718,4128.837902852195,4214.86474609375,4197.435546875,4194.0478515625,4191.298828125,4207.40234375,4218.44873046875,4267.54443359375,0.003774077585109392,0.005554407921306792,16.7635211836925,-25.824139883127827,-0.24008923753818823,4191.298828125
4209.365945175714,4221.001718965056,4183.001465184691,4191.298828125,2503416.0,2024-09-30,4202.001592074874,4321.9769287109375,4302.84046875,20.54147612099608,-34.14880504824396,-10.667473567856561,4530.762587150535,4113.19127027134,4230.77197265625,4214.86474609375,4197.435546875,4194.0478515625,4191.298828125,4207.40234375,4218.44873046875,-0.009330009933498529,0.0,16.7635211836925,-18.067117050713932,-0.16898419473410087,4210.34814453125
4178.583136778167,4218.056263856357,4166.211406289576,4210.34814453125,1823365.0,2024-10-01,4192.133835072967,4310.9573974609375,4302.851259765625,25.896979038455996,-35.153853002219876,-15.564749454729226,4518.835215379458,4103.079579542417,4191.298828125,4230.77197265625,4214.86474609375,4197.435546875,4194.0478515625,4191.298828125,4207.40234375,0.0045449673686883685,0.0038865300410622083,15.470001859776566,31.76500775308341,-0.27164921850783086,4156.1953125
4185.505533031941,4201.608822204832,4133.85677529384,4156.1953125,3350119.0,2024-10-03,4167.732798749335,4298.855297851563,4301.484423828125,15.581682261402932,-39.86055406264495,-20.42391037631237,4513.413322663923,4084.2972730392025,4210.34814453125,4191.298828125,4230.77197265625,4214.86474609375,4197.435546875,4194.0478515625,4191.298828125,-0.012861841864927115,-0.009825102473748126,28.579273163270784,-29.310220531941013,0.8373276880931684,4175.3427734375
4148.5856235577485,4220.26532782277,4147.652613708516,4175.3427734375,2965463.0,2024-10-04,4183.958970765643,4287.872583007813,4300.423955078125,18.457668203374567,-41.56645625385954,-24.652419551821808,4504.189429723815,4071.5557362918107,4156.1953125,4210.34814453125,4191.298828125,4230.77197265625,4214.86474609375,4197.435546875,4194.0478515625,0.00460696851274367,-0.009376806857889886,29.140689498789538,26.757149879751523,-0.11481860793601661,4195.5703125
4196.601130169736,4219.528912395065,4152.905967774814,4195.5703125,1472619.0,2024-10-07,4186.21744008494,4278.8438720703125,4299.448916015625,22.66949487914141,-40.81570464080687,-27.885076569618825,4494.721062398055,4062.96668174257,4175.3427734375,4156.1953125,4210.34814453125,4191.298828125,4230.77197265625,4214.86474609375,4197.435546875,0.004844521793799128,-0.008320387008271868,20.700764827144503,-1.0308176697362796,-0.5034100914427191,4176.32470703125
4195.324834210528,4202.001656010186,4127.916550358536,4176.32470703125,1541867.0,2024-10-08,4164.959103184361,4269.206396484375,4296.805595703125,22.06734870205986,-41.29763467206703,-30.567588190108467,4485.332632120199,4053.0801608485503,4195.5703125,4175.3427734375,4156.1953125,4210.34814453125,4191.298828125,4230.77197265625,4214.86474609375,-0.0045871249997672114,-0.003572668451428118,20.78052346644677,-19.000127179278024,0.04702370402663547,4176.0302734375
4182.952573592642,4217.319554831079,4169.893312502065,4176.0302734375,1082504.0,2024-10-09,4193.606433666571,4256.69189453125,4294.2889453125,34.073917972022855,-41.2280744456657,-32.69968544121991,4463.288304208933,4050.0954848535666,4176.32470703125,4195.5703125,4175.3427734375,4156.1953125,4210.34814453125,4191.298828125,4230.77197265625,-7.050064695746094e-05,-0.008150839293022627,13.92572694487095,-6.922300155141784,-0.2979264748515923,4150.9423828125
4176.324950925273,4216.19074786921,4122.663456603558,4150.9423828125,2378875.0,2024-10-10,4169.427102236385,4244.322216796875,4291.57984375,37.18077816783219,-42.70505329881962,-34.70075901273986,4444.74262184628,4043.9018117474707,4176.0302734375,4176.32470703125,4195.5703125,4175.3427734375,4156.1953125,4210.34814453125,4191.298828125,-0.006007593092554164,-0.0012638794119471664,15.848626349821133,-25.382568112772788,1.197566937396998,4074.156982421875
4068.068925004607,4165.229488527156,4038.0716498141214,4074.156982421875,5759183.0,2024-10-11,4101.650569170639,4226.230480957031,4286.942270507812,29.752424227359853,-49.50089427420335,-37.66078606503256,4418.979244347072,4033.48171756699,4150.9423828125,4176.0302734375,4176.32470703125,4195.5703125,4175.3427734375,4156.1953125,4210.34814453125,-0.018498305519383917,-0.024234127952163398,47.681870612704856,6.088057417267919,1.4209691555882507,4061.83349609375
4065.123003109471,4090.063516948677,4047.645129803671,4061.83349609375,2137590.0,2024-10-14,4068.854323376174,4207.281994628906,4281.8274755859375,30.098193603979993,-55.244228485944404,-41.177474549214935,4385.15031491352,4029.4136743442937,4074.156982421875,4150.9423828125,4176.0302734375,4176.32470703125,4195.5703125,4175.3427734375,4156.1953125,-0.003024794179825485,-0.03187571806574274,55.77972918651873,-3.2895070157210284,-0.6288379792758799,4042.342529296875
4056.3348009096194,4094.531631187995,4020.937000293908,4042.342529296875,2759474.0,2024-10-15,4057.7343157409514,4187.818017578125,4278.562607421875,27.82100181248265,-60.669262858017646,-45.07583221097548,4346.480878670616,4029.155156485634,4061.83349609375,4074.156982421875,4150.9423828125,4176.0302734375,4176.32470703125,4195.5703125,4175.3427734375,-0.00479856370666587,-0.03208136031875175,58.77717741015318,-13.99227161274439,0.2909276334563691,4020.8876953125
4011.1177013655647,4040.5751141050914,3993.639588528437,4020.8876953125,2359151.0,2024-10-16,4017.107351316764,4167.65439453125,4277.382348632813,25.484186802129585,-65.93975503024103,-49.24861677482859,4300.202486038044,4035.106303024455,4042.342529296875,4061.83349609375,4074.156982421875,4150.9423828125,4176.0302734375,4176.32470703125,4195.5703125,-0.005307524988019008,-0.0371507311888557,49.529260196068435,9.769993946935301,-0.14507221303770212,4034.68359375
4038.414674215347,4055.254878567037,4018.9238301370233,4034.68359375,2522659.0,2024-10-17,4037.08935435203,4156.0113525390625,4276.16083984375,24.724616120145583,-68.21708030371792,-53.042309480606455,4292.46627209691,4019.556432981215,4020.8876953125,4042.342529296875,4061.83349609375,4074.156982421875,4150.9423828125,4176.0302734375,4176.32470703125,0.003431057886442046,-0.028007806021081882,21.286924037516325,-3.731080465347077,0.06930798410105998,4058.356201171875
4025.824971583393,4081.0938417563607,4015.981878743336,4058.356201171875,2361000.0,2024-10-18,4048.5378602498486,4148.006726074219,4274.838364257813,26.329612694726862,-67.33549375436996,-55.90094633535916,4287.782004830243,4008.2314473181955,4034.68359375,4020.8876953125,4042.342529296875,4061.83349609375,4074.156982421875,4150.9423828125,4176.0302734375,0.0058672772899825976,-0.003878294655354053,16.934698306514846,32.53122958848189,-0.0640827793213431,4015.834228515625
4067.756541954516,4074.991311135829,4006.138686185549,4015.834228515625,1595450.0,2024-10-21,4040.564998660689,4138.4283203125,4273.213359375,26.111030229541896,-69.26950218253751,-58.57465750479483,4287.041681751792,3989.8149588732076,4058.356201171875,4034.68359375,4020.8876953125,4042.342529296875,4061.83349609375,4074.156982421875,4150.9423828125,-0.010477634428434746,-0.011324754602167308,17.061153587028794,-51.9223134388908,-0.3242481999152901,3952.493896484375
4002.201514906106,4025.628123729215,3943.487562735876,3952.493896484375,1928049.0,2024-10-22,3984.5578432325456,4126.488073730468,4269.217875976563,18.67212680039367,-75.04814493436334,-61.86935499070854,4294.3433389480515,3958.6328085128857,4015.834228515625,4058.356201171875,4034.68359375,4020.8876953125,4042.342529296875,4061.83349609375,4074.156982421875,-0.015772646087202302,-0.022226872700995104,39.367020215213515,-49.707618421730785,0.2084672036102666,4002.447509765625
3936.8433940172417,4049.0051452980897,3932.463025582815,4002.447509765625,1966476.0,2024-10-23,3990.7340854404524,4116.908056640625,4266.87150390625,31.127923556449517,-74.73541845328054,-64.44256768322295,4290.307083026636,3943.509030254613,3952.493896484375,4015.834228515625,4058.356201171875,4034.68359375,4020.8876953125,4042.342529296875,4061.83349609375,0.012638504850237098,-0.0045860981316071525,39.709756500645234,65.60411574838326,0.01993051006483748,3984.38525390625
3941.174174638928,4014.9973672208257,3941.174174638928,3984.38525390625,2676744.0,2024-10-24,3978.085770929877,4106.255541992187,4264.13833984375,26.49793152519068,-75.07958286339863,-66.56997071925808,4284.921594117435,3927.58948986694,4002.447509765625,3952.493896484375,4015.834228515625,4058.356201171875,4034.68359375,4020.8876953125,4042.342529296875,-0.0045128026826847245,-0.012466489298359251,39.13523711181067,43.21107926732202,0.36118823723249105,3993.884033203125
3993.391878579628,4027.7934387000982,3969.42385229137,3993.884033203125,1759676.0,2024-10-25,3998.608645495734,4095.206506347656,4259.6647119140625,24.504176637863623,-73.73588218253371,-68.00315301191321,4272.921342598898,3917.491670096414,3984.38525390625,4002.447509765625,3952.493896484375,4015.834228515625,4058.356201171875,4034.68359375,4020.8876953125,0.0023840012176439274,-0.015886276308159752,23.851018406257033,0.4921546234968446,-0.3426057927093513,4026.66162109375
4005.105104174324,4069.134469419595,3987.436801068887,4026.66162109375,1532534.0,2024-10-28,4028.285635244241,4085.0009887695314,4253.474340820312,31.706465494088363,-69.22809392924137,-68.24814119537885,4253.120324970016,3916.881652569047,3993.884033203125,3984.38525390625,4002.447509765625,3952.493896484375,4015.834228515625,4058.356201171875,4034.68359375,0.008206945323932402,0.0026961751810474777,27.077856869586867,21.55651691942603,-0.12908171731614226,4011.306396484375
4031.583263792324,4039.113133666311,3996.394207004564,4011.306396484375,1445885.0,2024-10-29,4017.7536703354376,4076.0013671875,4245.524619140625,30.58054949375402,-66.13234505086575,-67.82498196647623,4239.364911873883,3912.6378225011167,4026.66162109375,3993.884033203125,3984.38525390625,4002.447509765625,3952.493896484375,4015.834228515625,4058.356201171875,-0.0038133883733701968,0.014879845874603781,16.24859864776239,-20.276867307949033,-0.056539691778453194,4020.55859375
4011.060105819676,4042.55800112918,3996.344730916741,4020.55859375,1935002.0,2024-10-30,4019.4513660229604,4066.5118896484373,4237.105986328125,34.032754183369846,-62.215188796751136,-66.70302333253122,4218.682270329456,3914.341508967419,4011.306396484375,4026.66162109375,3993.884033203125,3984.38525390625,4002.447509765625,3952.493896484375,4015.834228515625,0.002306529681635361,0.004525002249295085,17.830943152662844,9.49848793032379,0.3382820902077275,3906.18212890625
4006.1387847297274,4014.308599846557,3897.864763520815,3906.18212890625,3740372.0,2024-10-31,3956.086681683686,4054.01123046875,4225.846015625,31.163510665500738,-67.56123520859319,-66.87466570774362,4215.925667808593,3892.096793128907,4020.55859375,4011.306396484375,4026.66162109375,3993.884033203125,3984.38525390625,4002.447509765625,3952.493896484375,-0.028447903985667433,-0.019627400468699818,49.390329827533044,-99.95665582347738,0.9330067875898835,3921.684814453125
3927.2463058287503,3936.203375700577,3913.662790294584,3921.684814453125,154895.0,2024-11-01,3924.9330829975806,4041.328332519531,4215.868188476563,34.395168678177015,-69.74312303511624,-67.44835717321814,4202.96416289411,3879.6925021449524,3906.18212890625,4020.55859375,4011.306396484375,4026.66162109375,3993.884033203125,3984.38525390625,4002.447509765625,0.003968756457143341,-0.018077444950772792,58.341899091223716,-5.561491375625337,-0.9585883436192978,3901.949462890625
3904.0658719887983,3929.264044897525,3851.848217603721,3901.949462890625,2269192.0,2024-11-04,3890.556131250623,4026.6472900390627,4206.24388671875,34.37646033433097,-72.23211592372945,-68.40510892332041,4182.531453262675,3870.7631268154496,3921.684814453125,3906.18212890625,4020.55859375,4011.306396484375,4026.66162109375,3993.884033203125,3984.38525390625,-0.005032365551093432,-0.03097160127630738,58.609530098255036,-2.1164090981733352,13.649872494270312,3909.03662109375
3879.261266395641,3923.456655426901,3879.261266395641,3909.03662109375,967590.0,2024-11-05,3901.358960911271,4013.2828857421873,4196.004267578125,37.14154844112935,-72.79366621143981,-69.28282038094429,4160.739347028582,3865.826424455792,3901.949462890625,3921.684814453125,3906.18212890625,4020.55859375,4011.306396484375,4026.66162109375,3993.884033203125,0.0018163121461534093,-0.02549537863282081,50.11454968635127,29.775354698108913,-0.5735971217948944,4074.69580078125
3940.780715946805,4084.686443814856,3912.87545183105,4074.69580078125,3792017.0,2024-11-06,3998.780947822953,4008.216162109375,4189.1819140625,53.409383094918525,-59.18909251635341,-67.26407480802612,4138.035946544548,3878.396377674202,3909.03662109375,3901.949462890625,3921.684814453125,3906.18212890625,4020.55859375,4011.306396484375,4026.66162109375,0.04237851822456151,0.013465095898715917,74.1483533767323,133.91508483444522,2.919032854824874,4085.769287109375
4104.274589912992,4139.80777036327,4020.952665320235,4085.769287109375,3724349.0,2024-11-07,4080.3802178417527,4004.9575073242186,4182.406245117188,52.38708316821916,-46.97236387418343,-63.20573262125759,4122.371686103236,3887.5433285452013,4074.69580078125,3909.03662109375,3901.949462890625,3921.684814453125,3906.18212890625,4020.55859375,4011.306396484375,0.002717622828678934,0.04597511131755905,93.1039233849867,-18.50530280361727,-0.017844856708184587,4081.930419921875
4089.8048938450415,4104.323455140882,4053.0408475923055,4081.930419921875,1648039.0,2024-11-08,4078.6821513665936,4005.3461791992186,4175.440888671875,56.171294510686764,-37.17178965525591,-57.99894402805725,4123.771963332142,3886.9203950662954,4085.769287109375,4074.69580078125,3909.03662109375,3901.949462890625,3921.684814453125,3906.18212890625,4020.55859375,-0.000939570229677833,0.04086141876526517,96.13369887180865,-7.8744739231665335,-0.557496088578165,4132.8193359375
4063.425535563547,4167.860359857493,4053.04078486624,4132.8193359375,1406487.0,2024-11-11,4110.450572361866,4008.895471191406,4168.66947265625,67.23748997064591,-25.01015228413462,-51.40118567927273,4138.204407176492,3879.5865352063197,4081.930419921875,4085.769287109375,4074.69580078125,3909.03662109375,3901.949462890625,3921.684814453125,3906.18212890625,0.012466874929386806,0.05916782758017658,85.73791492381642,69.39380037395313,-0.14656934696326973,4131.53955078125
4149.847798959433,4151.816417459889,4099.00832230913,4131.53955078125,1587640.0,2024-11-12,4125.412369884509,4013.355322265625,4162.514638671875,63.60616810415147,-15.298879059576393,-44.18072435533347,4153.241639663584,3873.469004867666,4132.8193359375,4081.930419921875,4085.769287109375,4074.69580078125,3909.03662109375,3901.949462890625,3921.684814453125,-0.000309663949043526,0.056920144591851685,28.42557438928225,-18.30824817818302,0.12879820432040967,4085.22802734375
4112.542609268491,4130.899880816483,4066.2305702818967,4085.22802734375,1098813.0,2024-11-13,4098.56522554919,4016.5723388671877,4155.604423828125,60.03136775658854,-11.210352003331991,-37.58664988493317,4160.0999475828385,3873.044730151537,4131.53955078125,4132.8193359375,4081.930419921875,4085.769287109375,4074.69580078125,3909.03662109375,3901.949462890625,-0.01120926542473566,0.0025847884302137025,26.26461836209643,-27.314581924741105,-0.3078953667078179,4080.84765625
4070.118781462719,4094.7265129104985,4051.860036976369,4080.84765625,1825432.0,2024-11-14,4073.293274943434,4018.8805419921873,4149.256630859375,58.73973237309951,-8.228768077817222,-31.715073523509982,4165.094207953062,3872.6668760313123,4085.22802734375,4131.53955078125,4132.8193359375,4081.930419921875,4085.769287109375,4074.69580078125,3909.03662109375,-0.0010722464118112507,-0.0012045787496868243,27.169866808826907,10.728874787280802,0.6612763045213335,3956.43115234375
4146.894998090364,4146.894998090364,3927.5908423676874,3956.43115234375,3313944.0,2024-11-18,4037.242920229026,4013.784289550781,4140.4853125,44.03975650487529,-15.723957415558743,-28.516850301919735,4161.303947017719,3866.2646320838426,4080.84765625,4085.22802734375,4131.53955078125,4132.8193359375,4081.930419921875,4085.769287109375,4074.69580078125,-0.030487907019930205,-0.03074507761465639,71.95313856507879,-190.46384574661442,0.8154299913664271,3976.16650390625
3956.8246828361807,4067.3133968435623,3951.115881398178,3976.16650390625,1776233.0,2024-11-19,4009.21463912087,4011.8009033203125,4132.485751953125,47.03979341302463,-19.84273631717315,-26.78202750497042,4160.268127056929,3863.3336795836963,3956.43115234375,4080.84765625,4085.22802734375,4131.53955078125,4132.8193359375,4081.930419921875,4085.769287109375,0.004988170096378086,-0.03790459231281995,75.77845770058676,19.341821070069273,-0.46401236713716343,4008.944091796875
3981.432455552984,4028.236409232463,3960.860488009095,4008.944091796875,2384347.0,2024-11-21,3994.548448620779,4014.6234130859375,4125.283149414063,49.05888883481682,-20.228835438933856,-25.471389091763108,4160.46648850316,3868.7803376687157,3976.16650390625,3956.43115234375,4080.84765625,4085.22802734375,4131.53955078125,4132.8193359375,4081.930419921875,0.008243514917804395,-0.029673069197944102,59.22443466943085,27.51163624389119,0.34236161584656966,4177.9990234375
4007.122846226611,4188.186720017956,3990.389589438143,4177.9990234375,3096553.0,2024-11-22,4089.2881547280494,4023.400988769531,4120.316723632813,70.23224811317944,-6.81494321896389,-21.740099917203267,4186.293192913986,3860.5087846250767,4008.944091796875,3976.16650390625,3956.43115234375,4080.84765625,4085.22802734375,4131.53955078125,4132.8193359375,0.04216944107216314,0.022708890537518123,90.46431378182454,170.87617721088918,0.2987006505345069,4247.39306640625
4212.843714585579,4260.189087034664,4185.480108874261,4247.39306640625,4052167.0,2024-11-25,4222.834597954463,4036.551379394531,4117.297866210937,72.44304121569495,9.307886799533208,-15.530502573855971,4226.4141836660265,3846.6885751230357,4177.9990234375,4008.944091796875,3976.16650390625,3956.43115234375,4080.84765625,4085.22802734375,4131.53955078125,0.016609396646448893,0.04081147452323486,130.86746174372132,34.54935182067129,0.30860573030721583,4284.4033203125
4253.249546195695,4298.085123579749,4242.373120582253,4284.4033203125,2060669.0,2024-11-26,4270.229122081001,4051.07734375,4114.266098632813,75.74032575614922,24.78604582307571,-7.467192894469634,4269.5011040222025,3832.653583477798,4247.39306640625,4177.9990234375,4008.944091796875,3976.16650390625,3956.43115234375,4080.84765625,4085.22802734375,0.008713639949872842,0.0828959623812644,139.5003505135401,31.153774116804925,-0.4914649371558477,4264.56884765625
4290.55499634484,4308.71521363045,4256.202219033572,4264.56884765625,1558993.0,2024-11-27,4282.458716332011,4062.972705078125,4110.741411132813,73.52476314663778,35.04810939517483,1.0358675634592593,4300.844834725512,3825.100575430738,4284.4033203125,4247.39306640625,4177.9990234375,4008.944091796875,3976.16650390625,3956.43115234375,4080.84765625,-0.004629459734151076,0.07253276327001612,112.32746781318859,-25.98614868859022,-0.24345297570837432,4178.29443359375
4251.23184853607,4271.853320530873,4166.581249097751,4178.29443359375,2558544.0,2024-11-28,4219.217284814313,4071.3221069335937,4105.674858398437,57.65955572627332,35.80648959744394,7.989991970256196,4313.2465867534065,3829.3976271137803,4264.56884765625,4284.4033203125,4247.39306640625,4177.9990234375,4008.944091796875,3976.16650390625,3956.43115234375,-0.020230512660128652,0.042243128843677535,49.58174735012398,-72.93741494232017,0.6411516921499969,4203.83740234375
4153.785179120677,4231.250512031332,4129.817151927626,4203.83740234375,2017425.0,2024-11-29,4180.533831979479,4080.486047363281,4101.268403320312,58.54649483912994,38.03022669782695,13.998038915770348,4328.131472734372,3832.8406219921903,4178.29443359375,4264.56884765625,4284.4033203125,4247.39306640625,4177.9990234375,4008.944091796875,3976.16650390625,0.0061132524660381105,0.006184390843871235,43.740072469518616,50.05222322307327,-0.2114948970977243,4209.5458984375
4203.000338296886,4220.914958216208,4163.676993000992,4209.5458984375,1670944.0,2024-12-02,4192.2959756086,4095.6542358398438,4100.108432617188,59.212655656874034,39.79445657372162,19.157322447360603,4335.383174740668,3855.925296939019,4203.83740234375,4178.29443359375,4264.56884765625,4284.4033203125,4247.39306640625,4177.9990234375,4008.944091796875,0.0013579250449999858,-0.008910681770447182,44.479093426897,6.545560140613816,-0.17174417884184046,4235.23681640625
4246.654900345047,4257.137698206271,4198.522271973675,4235.23681640625,2010905.0,2024-12-03,4227.829985089973,4111.3318359375,4100.444194335938,57.67273727575412,42.77260783497877,23.880379524884237,4344.065939479425,3878.5977323955744,4209.5458984375,4203.83740234375,4178.29443359375,4264.56884765625,4284.4033203125,4247.39306640625,4177.9990234375,0.0061030140990470105,-0.01147569456711739,32.84017481269737,-11.418083938797281,0.20345445448800192,4286.076171875
4245.867042233743,4318.115726856116,4221.751465216019,4286.076171875,3302642.0,2024-12-04,4269.933596036068,4130.538171386719,4102.017670898437,60.77704536430854,48.674041221391235,28.83911186418564,4353.721580688617,3907.3547620848212,4235.23681640625,4209.5458984375,4203.83740234375,4178.29443359375,4264.56884765625,4284.4033203125,4247.39306640625,0.012003899114167771,0.005043258764733105,40.84832114227975,40.20912964125728,0.642365999388335,4394.00537109375
4331.747813073262,4418.564078323639,4291.588189238375,4394.00537109375,3746747.0,2024-12-05,4355.076133781007,4154.786608886719,4106.071801757813,69.82929353109027,61.35271812880728,35.34183311710997,4381.986384881156,3927.586832892281,4286.076171875,4235.23681640625,4209.5458984375,4203.83740234375,4178.29443359375,4264.56884765625,4284.4033203125,0.02518135350159567,0.05162655263489113,78.71740303795718,62.25755802048843,0.13446961553810555,4375.74658203125
4383.128901087652,4394.940611577895,4343.510455484962,4375.74658203125,1842087.0,2024-12-06,4369.2255335314285,4169.839147949218,4109.705776367187,68.60637854110944,69.13043659967298,42.09955381362257,4413.9577343396995,3925.7205615587372,4394.00537109375,4286.076171875,4235.23681640625,4209.5458984375,4203.83740234375,4178.29443359375,4264.56884765625,-0.004155386150098139,0.04089339411454307,82.37804210947589,-7.382319056401684,-0.5083503102824931,4382.29248046875
4360.933257388377,4399.271815609351,4346.266664568218,4382.29248046875,2066639.0,2024-12-09,4372.7692400887845,4184.665307617188,4113.4029150390625,81.56414350588531,74.95845936132355,48.67133492316277,4442.895448480203,3926.435166754172,4375.74658203125,4394.00537109375,4286.076171875,4235.23681640625,4209.5458984375,4203.83740234375,4178.29443359375,0.0014959500772691037,0.04103686863121503,70.22141877770794,21.35922308037334,0.12190086570286862,4363.0
4356.700516597411,4423.288944687637,4342.871163165953,4363.0,2087828.0,2024-12-10,4383.080053926795,4198.718786621093,4116.365620117187,78.69029968848389,77.13134531255946,54.36333700104211,4463.906754417272,3933.5308188249146,4382.29248046875,4375.74658203125,4394.00537109375,4286.076171875,4235.23681640625,4209.5458984375,4203.83740234375,-0.004402371716341169,0.03016671537677129,42.938199798301795,6.299483402589431,0.01025287919176976,4357.97998046875
4362.310844845357,4378.847047235939,4337.850664985335,4357.97998046875,1635256.0,2024-12-11,4358.348856110637,4209.976818847656,4118.909780273438,76.99860139543193,77.55430174693174,59.00152995022004,4482.403980035632,3937.54965765968,4363.0,4382.29248046875,4375.74658203125,4394.00537109375,4286.076171875,4235.23681640625,4209.5458984375,-0.0011505889367980915,0.016776138759637238,14.55886554145704,-4.330864376606769,-0.21676689842266705,4385.048828125
4360.539142507212,4414.627129801404,4356.552882162991,4385.048828125,1914642.0,2024-12-12,4385.590005982198,4222.652282714844,4122.784780273438,70.52395279139465,79.16120643878276,63.03346524793259,4503.1830229207235,3942.121542508964,4357.97998046875,4363.0,4382.29248046875,4375.74658203125,4394.00537109375,4286.076171875,4235.23681640625,0.0062113290509742125,-0.002038355034263528,11.879555748914088,24.50968561778791,0.17085153639552453,4403.701171875
4365.362613963178,4424.371666662094,4325.448584466717,4403.701171875,1967048.0,2024-12-13,4374.9101255644055,4238.575939941406,4126.651840820313,67.22712953106888,81.00599159406465,66.627970517159,4522.397649754052,3954.7542301287613,4385.048828125,4357.97998046875,4363.0,4382.29248046875,4375.74658203125,4394.00537109375,4286.076171875,0.004253622817234515,0.006388530350122101,18.39595549737805,38.338557911822136,0.02737117435008729,4345.92236328125
4389.034915890042,4404.783863782896,4328.007742805228,4345.92236328125,1646224.0,2024-12-16,4366.395803294063,4251.829675292969,4130.446381835937,56.48337307684786,76.9190551573156,68.68618744519033,4529.324838712881,3974.334511873057,4403.701171875,4385.048828125,4357.97998046875,4363.0,4382.29248046875,4375.74658203125,4394.00537109375,-0.013120510756443826,-0.008299335872627545,23.07086840155005,-43.1125526087917,-0.16309922279476663,4260.58251953125
4340.8037221053055,4363.393811274363,4250.247272573856,4260.58251953125,3225027.0,2024-12-17,4306.820541924109,4267.037243652344,4132.151176757812,49.630856156888846,66.03273217801325,68.15549639175491,4507.194148235657,4026.8803390690305,4345.92236328125,4403.701171875,4385.048828125,4357.97998046875,4363.0,4382.29248046875,4375.74658203125,-0.019636762145370468,-0.02347409591307581,55.19496437282451,-80.2212025740555,0.9590450631262817,4279.62890625
4244.046224337432,4293.556785484744,4222.2928946144,4279.62890625,1575404.0,2024-12-18,4257.924840049573,4282.210363769531,4133.832348632813,60.71836210217959,58.270421864921445,66.17848148638822,4479.511176388314,4084.909551150747,4260.58251953125,4345.92236328125,4403.701171875,4385.048828125,4357.97998046875,4363.0,4382.29248046875,0.004470371511744675,-0.01797875955600936,63.142598447338145,35.58268191256775,-0.5115067253700512,4204.87060546875
4214.812225056753,4295.525583873814,4195.126039979421,4204.87060546875,3015763.0,2024-12-19,4245.3258119266175,4292.006689453125,4134.403266601563,50.09897914889158,45.56116418561942,62.055018026234464,4447.1255053828645,4136.887873523385,4279.62890625,4260.58251953125,4345.92236328125,4403.701171875,4385.048828125,4357.97998046875,4363.0,-0.01746840728925647,-0.04108921695480694,77.2585128369824,-9.94161958800305,0.914279130940381,4104.86474609375
4261.074819097192,4313.24321027579,4087.344233379785,4104.86474609375,4116989.0,2024-12-20,4200.2937218277875,4288.3499755859375,4132.979956054687,41.506283908582425,27.106877629920746,55.06538994697172,4457.5901981543175,4119.1097530175575,4204.87060546875,4279.62890625,4260.58251953125,4345.92236328125,4403.701171875,4385.048828125,4357.97998046875,-0.023783338123397835,-0.06786028708982816,90.42377421413661,-156.21007300344172,0.3651566784259903,4093.052978515625
4134.147889868673,4150.832123971284,4050.3340530174855,4093.052978515625,2195338.0,2024-12-23,4100.583088494384,4280.632971191406,4131.82216796875,38.19753187498302,11.397231460335206,46.33175824964442,4470.548801279009,4090.717141103803,4104.86474609375,4204.87060546875,4279.62890625,4260.58251953125,4345.92236328125,4403.701171875,4385.048828125,-0.002877504694732136,-0.058185435363991234,86.4194763272828,-41.09491135304779,-0.4667612665469837,4113.92041015625
4093.0528623167015,4151.816315358072,4093.0528623167015,4113.92041015625,1181886.0,2024-12-24,4122.434588837386,4272.108825683594,4132.617436523437,34.96130439010908,0.6238595613613143,37.1901785119878,4476.094763434983,4068.1228879322043,4093.052978515625,4104.86474609375,4204.87060546875,4279.62890625,4260.58251953125,4345.92236328125,4403.701171875,0.005098255935156004,-0.03442301814427384,80.57122995858103,20.86754783954848,-0.46163825342612386,4103.68359375
4113.920313335754,4134.049628782047,4078.140577688001,4103.68359375,1208464.0,2024-12-26,4106.095103235024,4264.064562988281,4133.454438476562,19.419442638599733,-8.640538073505923,28.02403519488906,4481.54523486439,4046.5838911121714,4113.92041015625,4093.052978515625,4104.86474609375,4204.87060546875,4279.62890625,4260.58251953125,4345.92236328125,-0.0024883360361026563,-0.04111228247922338,45.76640312182075,-10.236719585754145,0.022487786470099413,4099.50048828125
4097.679420039338,4115.347963377728,4082.176549305344,4099.50048828125,858100.0,2024-12-27,4098.762256341536,4260.124865722656,4134.59759765625,20.012879972437915,-16.134196621709634,19.19238883156932,4486.807647942276,4033.4420835030364,4103.68359375,4113.92041015625,4093.052978515625,4104.86474609375,4204.87060546875,4279.62890625,4260.58251953125,-0.0010193538008439473,-0.02505906294725413,7.654894779702669,1.821068241912144,-0.28992506189675493,4093.545166015625
4085.8677460209447,4133.409691121346,4047.479684808028,4093.545166015625,1527169.0,2024-12-30,4090.4446879646875,4254.61025390625,4136.050747070312,18.615604986862024,-22.296499578138537,10.89461114962775,4492.164213111343,4017.056294701157,4099.50048828125,4103.68359375,4113.92041015625,4093.052978515625,4104.86474609375,4204.87060546875,4279.62890625,-0.0014526946106357963,-0.0027576012312944265,8.584583264880857,7.677419994680349,0.7797098240298332,4030.549560546875
4070.118744291556,4074.9912673216186,3968.7841551770334,4030.549560546875,1555429.0,2024-12-31,4021.887711249326,4245.660437011718,4135.96806640625,17.000502607792882,-31.895714016402053,2.3365461164217898,4503.024345049603,3988.2965289738345,4093.545166015625,4099.50048828125,4103.68359375,4113.92041015625,4093.052978515625,4104.86474609375,4204.87060546875,-0.01538900950494837,-0.015270610543481777,33.09500808530823,-39.56918374468114,0.018504828214821023,4047.9228515625
4030.1557808587904,4069.134524093068,4021.346260950125,4047.9228515625,763161.0,2025-01-01,4045.2403925215967,4236.294738769531,4135.7593994140625,19.959996934485986,-37.66707859195594,-5.664178825253757,4508.463044002667,3964.1264335363962,4030.549560546875,4093.545166015625,4099.50048828125,4103.68359375,4113.92041015625,4093.052978515625,4104.86474609375,0.004310402528152402,-0.016042497669818356,33.4512744925373,17.767070703709578,-0.509356582653403,4110.2294921875
4055.354249610849,4117.365734495675,4032.666112865181,4110.2294921875,1720835.0,2025-01-02,4075.0159236804275,4227.502404785157,4137.6473046875,25.075857817739305,-36.789218211355546,-11.889186702474117,4504.2227416064825,3950.7820679638303,4047.9228515625,4030.549560546875,4093.545166015625,4099.50048828125,4103.68359375,4113.92041015625,4093.052978515625,0.015392250027924659,0.0015951274721739406,34.9471810524215,54.87524257665109,1.2548780663582129,4035.5693359375
4114.36357856104,4114.36357856104,4028.088729938378,4035.5693359375,1791953.0,2025-01-03,4071.226154249709,4209.580603027343,4139.308813476562,19.692070204777337,-41.637981452066924,-17.83894565239268,4487.322790718964,3931.8384153357224,4110.2294921875,4047.9228515625,4030.549560546875,4093.545166015625,4099.50048828125,4103.68359375,4113.92041015625,-0.01816447387959963,-0.015594863941717385,36.037613777118324,-78.79424262354041,0.041327611304976974,4030.746337890625
4041.081584910857,4084.538741733885,4002.5949975020426,4030.746337890625,2085593.0,2025-01-06,4043.5668696179637,4192.330590820313,4139.874790039063,21.57316355107055,-45.34710370477296,-23.340577262868738,4469.473053444071,3915.1881281965548,4035.5693359375,4110.2294921875,4047.9228515625,4030.549560546875,4093.545166015625,4099.50048828125,4103.68359375,-0.001195122086969369,-0.015340939351629057,33.853132135643534,-10.335247020232146,0.16386590496514142,3965.093017578125
4050.383558658169,4075.3849175960822,3948.605837566856,3965.093017578125,2669054.0,2025-01-07,4011.9953775814693,4171.470617675781,4139.4889453125,22.367475983282475,-52.97363696239381,-29.267189202773753,4451.20220420337,3891.7390311481927,4030.746337890625,4035.5693359375,4110.2294921875,4047.9228515625,4030.549560546875,4093.545166015625,4099.50048828125,-0.01628812999104723,-0.016240103734109335,51.69496062096716,-85.29054108004402,0.2797578434526775,4043.93603515625
3971.589305127749,4061.259974116957,3954.708497578382,4043.93603515625,2181277.0,2025-01-08,4007.9842358476694,4155.517419433594,4140.489985351563,30.17633936271747,-52.055681423387796,-33.82488764689656,4425.479536519732,3885.555302347456,3965.093017578125,4030.746337890625,4035.5693359375,4110.2294921875,4047.9228515625,4030.549560546875,4093.545166015625,0.019884279442776487,-0.0009849042465597257,51.5324421475211,72.34673002850104,-0.18275276558660858,3975.4775390625
4036.6522632657775,4072.825628463296,3962.140100567154,3975.4775390625,2392472.0,2025-01-09,4017.482864515225,4136.392297363282,4139.466303710938,30.499551710969797,-56.204334961008044,-38.300777109718865,4400.084981796377,3872.6996129301856,4043.93603515625,3965.093017578125,4030.746337890625,4035.5693359375,4110.2294921875,4047.9228515625,4030.549560546875,-0.016928679261640434,-0.032784532683912015,36.892269222528554,-61.17472420327749,0.09682172415516233,4223.76953125
4178.392778567286,4255.119877078866,4161.068839592267,4223.76953125,4003771.0,2025-01-13,4208.0943583355665,4128.328332519532,4143.71556640625,58.072725705609734,-39.00743069249438,-38.44210782627397,4368.849635348022,3887.8070296910405,3975.4775390625,4043.93603515625,3965.093017578125,4030.746337890625,4035.5693359375,4110.2294921875,4047.9228515625,0.06245589108423255,0.04663535170528288,104.09372788560383,45.37675268271414,0.6734870878321668,4166.6298828125
4234.498194661013,4246.211378062048,4152.8495539595815,4166.6298828125,3441709.0,2025-01-14,4199.530466010815,4116.474768066406,4146.6369921875,54.705682306836884,-29.647692115966493,-36.683224684212476,4320.444079271101,3912.505456861711,4223.76953125,3975.4775390625,4043.93603515625,3965.093017578125,4030.746337890625,4035.5693359375,4110.2294921875,-0.013528117008929197,0.033711757955224186,115.62616703578577,-67.86831184851326,-0.14038315378177224,4182.9208984375
4151.81662842586,4189.663513268121,4141.432357556204,4182.9208984375,1653474.0,2025-01-15,4165.547935412163,4108.324694824219,4152.171767578125,54.43897799185666,-20.67712996636783,-33.48200574064355,4284.8746400477885,3931.7747496006486,4166.6298828125,4223.76953125,3975.4775390625,4043.93603515625,3965.093017578125,4030.746337890625,4035.5693359375,0.00390987826689404,0.05493638608065332,104.35924758960536,31.104270011640438,-0.5195776284398246,4140.2998046875
4193.1574036432985,4226.62391813247,4126.0768244014525,4140.2998046875,2637705.0,2025-01-16,4176.350371266961,4102.310559082031,4156.5440673828125,52.26138866573545,-16.813248239857785,-30.148254240486402,4264.644529904602,3939.9765882594616,4182.9208984375,4166.6298828125,4223.76953125,3975.4775390625,4043.93603515625,3965.093017578125,4030.746337890625,-0.010189313827550728,0.02382920221623297,95.67215682092213,-52.857598955798494,0.5952503637795332,4124.2998046875
4159.89990234375,4160.60009765625,4100.0498046875,4124.2998046875,1761466.0,2025-01-17,4130.324951171875,4094.5441040039063,4160.99107421875,51.50955296260432,-14.870739784730176,-27.09275134933516,4234.475579778878,3954.6126282289356,4140.2998046875,4182.9208984375,4166.6298828125,4223.76953125,3975.4775390625,4043.93603515625,3965.093017578125,-0.003864454448898935,0.0374350663945886,38.764976437616205,-35.60009765625,-0.33219749744569615,4077.800048828125
4145.7998046875,4145.7998046875,4068.10009765625,4077.800048828125,1287799.0,2025-01-20,4106.949951171875,4088.190576171875,4164.366342773437,49.08666461223324,-16.88874656468397,-25.051950392404926,4218.2188850124185,3958.162267331332,4124.2998046875,4140.2998046875,4182.9208984375,4166.6298828125,4223.76953125,3975.4775390625,4043.93603515625,-0.011274581883335744,-0.034559054735800454,40.78546014750802,-67.999755859375,-0.26890499163764725,4035.85009765625
4095.300048828125,4111.0,4030.0,4035.85009765625,1971591.0,2025-01-21,4070.5,4084.73984375,4163.589428710938,50.31516621457665,-21.623776510669813,-24.366315616057904,4216.555753570348,3952.923933929652,4077.800048828125,4124.2998046875,4140.2998046875,4182.9208984375,4166.6298828125,4223.76953125,3975.4775390625,-0.010287397780558316,-0.03138742552961604,56.89927103379405,-59.449951171875,0.5309772720742911,4156.60009765625
4050.0,4163.14990234375,4044.199951171875,4156.60009765625,2409223.0,2025-01-22,4103.6749267578125,4087.917199707031,4165.006044921875,55.75445394854548,-15.454654371362267,-22.583983367118776,4223.584119968364,3952.250279445699,4035.85009765625,4077.800048828125,4124.2998046875,4140.2998046875,4182.9208984375,4166.6298828125,4223.76953125,0.029919347120975548,-0.006292445260220436,49.4552099508556,106.60009765625,0.22196895806483186,4145.4501953125
4168.0,4191.35009765625,4140.0498046875,4145.4501953125,1822998.0,2025-01-23,4165.699951171875,4089.493688964844,4166.276440429688,51.971753830913336,-11.3346260517892,-20.33411190405286,4227.151051713424,3951.836326216264,4156.60009765625,4035.85009765625,4077.800048828125,4124.2998046875,4140.2998046875,4182.9208984375,4166.6298828125,-0.0026824573165066257,0.0012439656227718476,50.36818369014497,-22.5498046875,-0.2433253376711081,4152.35009765625
4104.0,4178.0,4104.0,4152.35009765625,1910099.0,2025-01-24,4141.0,4091.9270141601564,4166.667055664063,57.07443976431056,-7.427094548329478,-17.752708432908186,4232.3335768350835,3951.52045148523,4145.4501953125,4156.60009765625,4035.85009765625,4077.800048828125,4124.2998046875,4140.2998046875,4182.9208984375,0.0016644518734183489,0.0068012254921112625,54.064074753555495,48.35009765625,0.04777898823805615,4065.14990234375
4102.0,4156.35009765625,4041.050048828125,4065.14990234375,1551782.0,2025-01-27,4098.7000732421875,4090.2094848632814,4165.339262695313,51.894994724508535,-11.237139924697658,-16.44959473126608,4231.065642600731,3949.353327125832,4152.35009765625,4145.4501953125,4156.60009765625,4035.85009765625,4077.800048828125,4124.2998046875,4140.2998046875,-0.021000203080592694,-0.003102198816249069,56.40417239518501,-36.85009765625,-0.1875908002674207,4040.300048828125
4070.800048828125,4102.0,4028.300048828125,4040.300048828125,2468272.0,2025-01-28,4065.1500244140625,4087.547229003906,4164.440703125,54.337475070444825,-16.076484133358463,-16.37497261168456,4230.139946379786,3944.954511628026,4065.14990234375,4152.35009765625,4145.4501953125,4156.60009765625,4035.85009765625,4077.800048828125,4124.2998046875,-0.006112899674695416,0.0011026056627967407,54.93638327009394,-30.5,0.5906048658896674,4099.7998046875
4054.0,4107.85009765625,4054.0,4099.7998046875,1217089.0,2025-01-29,4080.925048828125,4091.0097412109376,4164.81974609375,53.295402698791634,-14.938366061523084,-16.087651301652265,4231.116359309776,3950.9031231120985,4040.300048828125,4065.14990234375,4152.35009765625,4145.4501953125,4156.60009765625,4035.85009765625,4077.800048828125,0.014726568606366897,-0.0136650848371912,48.94651666291062,45.7998046875,-0.5069064511528714,4100.0498046875
4099.89990234375,4129.89990234375,4058.5,4100.0498046875,1531251.0,2025-01-30,4094.199951171875,4093.6160888671875,4167.692119140625,57.99162008198236,-13.8564973036855,-15.641420502058914,4232.279815230589,3954.9523625037864,4099.7998046875,4040.300048828125,4065.14990234375,4152.35009765625,4145.4501953125,4156.60009765625,4035.85009765625,6.09785872260904e-05,-0.010951860108303069,42.30980521640663,0.14990234375,0.2581257410099016,4112.39990234375
4110.0,4128.4501953125,4085.25,4112.39990234375,1492943.0,2025-01-31,4106.85009765625,4093.724609375,4170.416787109375,39.75348341581401,-11.86577755441158,-14.886291912529448,4232.4464656861865,3955.002753063814,4100.0498046875,4099.7998046875,4040.300048828125,4065.14990234375,4152.35009765625,4145.4501953125,4156.60009765625,0.0030121823501096934,-0.009621104765479505,29.907097534200332,2.39990234375,-0.02501745304982661,4073.14990234375
4113.0,4135.89990234375,4056.0,4073.14990234375,437172.0,2025-02-01,4095.949951171875,4095.6036376953125,4171.700903320312,41.10665675663121,-13.301928433990724,-14.569419216821704,4232.007447280762,3959.199828109863,4112.39990234375,4100.0498046875,4099.7998046875,4040.300048828125,4065.14990234375,4152.35009765625,4145.4501953125,-0.009544305255340224,0.001967947109499546,28.87342241547885,-39.85009765625,-0.7071743529391277,4068.64990234375
4030.89990234375,4077.0,3998.699951171875,4068.64990234375,1265713.0,2025-02-03,4037.8499755859375,4097.498815917968,4169.513920898437,38.87917909298785,-14.634503300510005,-14.582436033559365,4231.133586866958,3963.8640449689797,4073.14990234375,4112.39990234375,4100.0498046875,4099.7998046875,4040.300048828125,4065.14990234375,4152.35009765625,-0.0011047960688632674,0.007016769342130358,18.94243542594689,37.75,1.895228880166159,4107.0498046875
4083.699951171875,4118.85009765625,4066.050048828125,4107.0498046875,2547132.0,2025-02-04,4092.4500732421875,4104.596655273437,4166.707055664063,46.73731286360017,-12.448528398702365,-14.155654506587965,4222.810588474348,3986.382722072526,4068.64990234375,4073.14990234375,4112.39990234375,4100.0498046875,4099.7998046875,4040.300048828125,4065.14990234375,0.009437996206463906,0.001768379029559064,20.04786515975774,23.349853515625,1.0124088162166305,4091.10009765625
4150.0,4150.0,4076.0,4091.10009765625,1693912.0,2025-02-05,4113.0,4106.954858398438,4162.840991210937,46.741926333120574,-11.866347729993777,-13.697793151269128,4221.910465673024,3991.9992511238515,4107.0498046875,4068.64990234375,4073.14990234375,4112.39990234375,4100.0498046875,4099.7998046875,4040.300048828125,-0.0038834949147794617,-0.0021828288575953536,19.572365773319095,-58.89990234375,-0.3349728243373331,4082.75
4105.39990234375,4139.5,4051.550048828125,4082.75,2284536.0,2025-02-06,4095.5250244140625,4112.3184814453125,4159.204614257813,50.52508304210972,-11.941098896832045,-13.346454300381712,4210.184642399871,4014.4523204907537,4091.10009765625,4107.0498046875,4068.64990234375,4073.14990234375,4112.39990234375,4100.0498046875,4099.7998046875,-0.0020410396853974833,-0.007209878184962437,15.290191434836945,-22.64990234375,0.34867454743811965,4029.39990234375
4090.0,4090.0,4008.0,4029.39990234375,1548940.0,2025-02-07,4049.0,4102.6,4156.2267236328125,49.33193145141306,-16.119431972809707,-13.901049834867312,4192.112901228958,4013.0870987710423,4082.75,4091.10009765625,4107.0498046875,4068.64990234375,4073.14990234375,4112.39990234375,4100.0498046875,-0.013067196780662593,-0.010741072891725767,29.423792389937038,-60.60009765625,-0.3219892354508749,4036.949951171875
4040.0,4052.0,4014.35009765625,4036.949951171875,1339511.0,2025-02-10,4033.175048828125,4096.116003417968,4152.888974609375,33.811353163657984,-18.607074425274277,-14.842254752948705,4184.884082489999,4007.347924345938,4029.39990234375,4082.75,4091.10009765625,4107.0498046875,4068.64990234375,4073.14990234375,4112.39990234375,0.0018737402618522747,-0.007791270306549136,34.349765418255934,-3.050048828125,-0.1352079486616654,3963.550048828125
4018.39990234375,4040.0,3955.0,3963.550048828125,1810908.0,2025-02-11,3997.5,4085.1474609375,4147.969057617188,28.93696947560599,-26.19929847755793,-17.11366349787055,4182.546672410807,3987.7482494641927,4036.949951171875,4029.39990234375,4082.75,4091.10009765625,4107.0498046875,4068.64990234375,4073.14990234375,-0.018182019403644833,-0.03493986259810977,50.99566129298581,-54.849853515625,0.35191722949643567,3950.14990234375
3971.10009765625,4021.75,3940.14990234375,3950.14990234375,1678002.0,2025-02-12,3980.949951171875,4075.6399658203127,4142.267319335938,26.933574559009315,-32.91801221553624,-20.274533241403688,4186.555857061135,3964.7240745794907,3963.550048828125,4036.949951171875,4029.39990234375,4082.75,4091.10009765625,4107.0498046875,4068.64990234375,-0.003380844525562865,-0.03445288356382403,55.00473555167106,-20.9501953125,-0.07339191168187453,3910.14990234375
3968.0,3984.449951171875,3902.25,3910.14990234375,2277310.0,2025-02-13,3943.3499755859375,4064.932470703125,4134.748793945312,30.184076347238104,-40.997710873889446,-24.41916876790084,4195.648928067909,3934.216013338341,3950.14990234375,3963.550048828125,4036.949951171875,4029.39990234375,4082.75,4091.10009765625,4107.0498046875,-0.010126197989667851,-0.042275451021064225,54.095063332588836,-57.85009765625,0.35715571256768475,3934.85009765625
3925.0,3948.0,3900.0,3934.85009765625,1681975.0,2025-02-14,3924.0,4057.7849731445312,4125.565688476562,36.513625228013446,-44.89036277930654,-28.513407570181982,4200.610872209165,3914.959074079898,3910.14990234375,3950.14990234375,3963.550048828125,4036.949951171875,4029.39990234375,4082.75,4091.10009765625,0.006316943321711177,-0.023464984111530862,47.813929482384964,9.85009765625,-0.26142027216321007,3904.5
3856.5,3934.0,3856.199951171875,3904.5,1799806.0,2025-02-17,3895.0999755859375,4051.2174682617188,4116.140756835937,23.00999909577621,-49.84968060622259,-32.780662177390106,4209.530203181006,3892.904733342431,3934.85009765625,3910.14990234375,3950.14990234375,3963.550048828125,4036.949951171875,4029.39990234375,4082.75,-0.007713152192081685,-0.032809411256987886,25.3208235592759,48.0,0.07005514350688924,3873.199951171875
3898.39990234375,3924.39990234375,3864.5,3873.199951171875,2149879.0,2025-02-18,3894.449951171875,4037.0474609375,4105.95890625,21.127700630470784,-55.663968489882336,-37.35732343988855,4206.0182371962655,3868.076684678734,3904.5,3934.85009765625,3910.14990234375,3950.14990234375,3963.550048828125,4036.949951171875,4029.39990234375,-0.008016403848924325,-0.022795245813273635,29.62108588093689,-25.199951171875,0.19450596342050197,3784.10009765625
3872.199951171875,3874.949951171875,3768.14990234375,3784.10009765625,4366672.0,2025-02-19,3821.5499267578125,4018.9799560546876,4094.380908203125,15.044746974497286,-66.69265564795705,-43.224389881502255,4214.358323901731,3823.601588207645,3873.199951171875,3904.5,3934.85009765625,3910.14990234375,3950.14990234375,3963.550048828125,4036.949951171875,-0.02300419669494913,-0.042036329960282615,58.633573200487334,-88.099853515625,1.0311245423579654,3779.39990234375
3761.5,3788.0,3751.300048828125,3779.39990234375,2888572.0,2025-02-20,3769.6500244140625,4000.3324462890623,4082.809306640625,16.239535434458347,-74.94827905145803,-49.569167715493414,4212.576978306342,3788.087914271782,3784.10009765625,3873.199951171875,3904.5,3934.85009765625,3910.14990234375,3950.14990234375,3963.550048828125,-0.0012420906400999465,-0.03343861572202855,70.53275252648153,17.89990234375,-0.33849576977615903,3786.0
3776.10009765625,3817.0,3775.0,3786.0,1833931.0,2025-02-21,3796.0,3986.374951171875,4070.828330078125,17.671319938701018,-80.03574510667704,-55.66248319373014,4216.623161879725,3756.1267404640257,3779.39990234375,3784.10009765625,3873.199951171875,3904.5,3934.85009765625,3910.14990234375,3950.14990234375,0.0017463348221384845,-0.03782865775367428,58.98238773973868,9.89990234375,-0.3651080880102694,3675.60009765625
3743.14990234375,3763.199951171875,3670.0,3675.60009765625,2508516.0,2025-02-24,3716.5999755859375,3968.1399536132812,4056.26630859375,7.630425609452018,-91.91639311346808,-62.91326517767773,4235.225756399961,3701.054150826602,3786.0,3779.39990234375,3784.10009765625,3873.199951171875,3904.5,3934.85009765625,3910.14990234375,-0.02916003759739827,-0.05862463883819946,70.0681158926985,-67.5498046875,0.3678355401593625,3629.550048828125
3625.0,3658.0,3621.25,3629.550048828125,4101954.0,2025-02-25,3639.625,3944.6274658203124,4041.9388623046875,7.20450422429488,-103.85062102401298,-71.10073634694479,4243.781532563159,3645.473399077466,3675.60009765625,3786.0,3779.39990234375,3784.10009765625,3873.199951171875,3904.5,3934.85009765625,-0.012528579716136412,-0.06290661608369363,73.39684634056009,4.550048828125,0.6352114158331061,3612.550048828125
3611.699951171875,3638.0,3600.699951171875,3612.550048828125,3823856.0,2025-02-27,3619.3499755859375,3920.252478027344,4028.978212890625,7.090764151695865,-113.37344208185823,-79.55527749392748,4244.477544817239,3596.0274112374486,3629.550048828125,3675.60009765625,3786.0,3779.39990234375,3784.10009765625,3873.199951171875,3904.5,-0.0046837761626923324,-0.0453344373565534,81.92873117352251,0.85009765625,-0.06779646968249764,3493.050048828125
3485.0,3523.25,3476.14990234375,3493.050048828125,4990439.0,2025-03-03,3499.699951171875,3889.2849853515627,4013.2466357421877,6.326896476593248,-129.0751002658467,-89.45924204831132,4252.235052087043,3526.3349186160817,3612.550048828125,3629.550048828125,3675.60009765625,3786.0,3779.39990234375,3784.10009765625,3873.199951171875,-0.03307912648539346,-0.07576595780140882,106.11107884988773,8.050048828125,0.3050802645287898,3532.050048828125
3474.0,3551.0,3464.300048828125,3532.050048828125,2797737.0,2025-03-04,3507.6500244140625,3862.2299926757814,3999.790224609375,10.890819487361796,-136.79491678873364,-98.92637699639579,4247.457637357744,3477.002347993819,3493.050048828125,3612.550048828125,3629.550048828125,3675.60009765625,3786.0,3779.39990234375,3784.10009765625,0.011165027541785166,-0.06707605683356443,74.4096944288759,58.050048828125,-0.43938058355186793,3547.050048828125
3520.85009765625,3600.35009765625,3520.85009765625,3547.050048828125,2501894.0,2025-03-05,3560.60009765625,3836.15,3988.6339306640625,14.529076449913589,-140.0877084600702,-107.15864328913067,4232.986836181841,3439.313163818159,3532.050048828125,3493.050048828125,3612.550048828125,3629.550048828125,3675.60009765625,3786.0,3779.39990234375,0.004246825439230939,-0.034973894170395536,56.985305123322064,26.199951171875,-0.10574367783676597,3601.60009765625
3557.0,3609.449951171875,3536.10009765625,3601.60009765625,2786513.0,2025-03-06,3572.7750244140625,3810.8775146484377,3978.804873046875,22.26028382078519,-136.7195190258526,-113.07081843647507,4199.364589908404,3422.390439388471,3547.050048828125,3532.050048828125,3493.050048828125,3612.550048828125,3629.550048828125,3675.60009765625,3786.0,0.015378990450430008,-0.007700665591014344,49.71352011795284,44.60009765625,0.11376141435248655,3611.199951171875
3600.0,3625.0,3574.39990234375,3611.199951171875,2051315.0,2025-03-07,3599.699951171875,3786.8825073242188,3968.7504638671876,24.997927552122576,-131.75676669266022,-116.80800808771211,4161.529488419415,3412.235526229022,3601.60009765625,3547.050048828125,3532.050048828125,3493.050048828125,3612.550048828125,3629.550048828125,3675.60009765625,0.0026654412636961666,-0.0003737242773115268,49.34040121583554,11.199951171875,-0.2638415826518663,3589.64990234375
3606.5,3622.10009765625,3582.60009765625,3589.64990234375,1004626.0,2025-03-10,3602.35009765625,3762.227502441406,3958.4697900390624,20.97695628541824,-128.08616101969437,-119.06363867410857,4119.385127686969,3405.069877195843,3611.199951171875,3601.60009765625,3547.050048828125,3532.050048828125,3493.050048828125,3612.550048828125,3629.550048828125,-0.005967559016257673,0.027654872436778666,34.82075080712909,-16.85009765625,-0.5102526915661417,3575.300048828125
3558.0,3588.75,3537.64990234375,3575.300048828125,1995450.0,2025-03-11,3563.199951171875,3739.522509765625,3947.98578125,21.556939783281408,-124.89537667295053,-120.22998627387697,4082.625348985684,3396.4196705455656,3589.64990234375,3611.199951171875,3601.60009765625,3547.050048828125,3532.050048828125,3493.050048828125,3612.550048828125,-0.003997563524580916,0.012245013349782452,25.089350958101267,17.300048828125,0.9862615540509603,3506.199951171875
3565.0,3569.25,3486.85009765625,3506.199951171875,3174167.0,2025-03-12,3528.050048828125,3712.985009765625,3936.238876953125,20.235198702351994,-126.48442377360243,-121.48087377382208,4040.996388629989,3384.973630901261,3575.300048828125,3589.64990234375,3611.199951171875,3601.60009765625,3547.050048828125,3532.050048828125,3493.050048828125,-0.019327076528555698,-0.01151663976936157,41.68374299921404,-58.800048828125,0.5907023478413391,3511.050048828125
3502.300048828125,3524.300048828125,3484.10009765625,3511.050048828125,1693004.0,2025-03-13,3504.2000732421875,3690.360009765625,3925.84888671875,24.349467019128056,-125.901083383887,-122.36491569583508,4007.855648958163,3372.864370573087,3506.199951171875,3575.300048828125,3589.64990234375,3611.199951171875,3601.60009765625,3547.050048828125,3532.050048828125,0.0013832918041736253,-0.025141616607310402,47.47755764294029,8.75,-0.4666304576917345,3497.699951171875
3489.0,3530.449951171875,3477.35009765625,3497.699951171875,2690906.0,2025-03-17,3503.9000244140625,3667.737512207031,3914.8444287109373,23.960078121367957,-125.07424518920743,-122.90678159450955,3971.4715011827193,3364.003523231343,3511.050048828125,3506.199951171875,3575.300048828125,3589.64990234375,3611.199951171875,3601.60009765625,3547.050048828125,-0.0038023091299156375,-0.031429995994314286,43.01232546998931,8.699951171875,0.5894268412833048,3497.699951171875
3497.699951171875,3497.699951171875,3497.699951171875,3497.699951171875,0.0,2025-03-18,3497.699951171875,3647.1150146484374,3902.593837890625,23.020772741790807,-123.00108996330027,-122.92564326826769,3937.251589907873,3356.978439389002,3497.699951171875,3511.050048828125,3506.199951171875,3575.300048828125,3589.64990234375,3611.199951171875,3601.60009765625,0.0,-0.025615297779273405,32.765004174209515,0.0,-1.0,3497.10009765625
3547.0,3547.0,3462.75,3497.10009765625,3051244.0,2025-03-19,3504.875,3625.2275146484376,3891.824453125,28.97526501766785,-120.02295278797192,-122.34510517220855,3888.799375474691,3361.6556538221844,3497.699951171875,3497.699951171875,3511.050048828125,3506.199951171875,3575.300048828125,3589.64990234375,3611.199951171875,-0.00017149942076188918,-0.021872276481384123,6.334831419539844,-49.89990234375,inf,3563.14990234375
3512.0,3578.949951171875,3512.0,3563.14990234375,2845192.0,2025-03-20,3545.4749755859375,3608.160009765625,3882.4725244140627,42.53091305348413,-111.05294120501685,-120.0866723787702,3837.583824460628,3378.736195070622,3497.10009765625,3497.699951171875,3497.699951171875,3511.050048828125,3506.199951171875,3575.300048828125,3589.64990234375,0.018887021487250744,0.01624264216672544,28.457103378073935,51.14990234375,-0.06753048920374771,3578.10009765625
3475.0,3616.25,3465.0,3578.10009765625,4161925.0,2025-03-21,3540.625,3593.4050170898436,3874.732666015625,46.10690982328841,-101.56698559566485,-116.38273502214913,3786.07099128346,3400.739042896227,3563.14990234375,3497.10009765625,3497.699951171875,3497.699951171875,3511.050048828125,3506.199951171875,3575.300048828125,0.004195780621709444,0.019096865010655106,40.400225255435394,103.10009765625,0.46279231770650275,3628.949951171875
3600.0,3649.75,3566.60009765625,3628.949951171875,1834751.0,2025-03-24,3608.175048828125,3585.647509765625,3866.4329443359375,68.17816658001782,-88.92111199625742,-110.89041041697081,3757.3363923078527,3413.958627223397,3578.10009765625,3563.14990234375,3497.10009765625,3497.699951171875,3497.699951171875,3511.050048828125,3506.199951171875,0.014211411678765717,0.037524659585515874,56.312354295876396,28.949951171875,-0.5591580818971991,3657.75
3645.0,3710.0,3638.0,3657.75,3135390.0,2025-03-25,3674.0,3579.5650146484377,3860.0783935546874,67.28547879715705,-75.70259047201307,-103.85284642797927,3729.607070771719,3429.5229585251564,3628.949951171875,3578.10009765625,3563.14990234375,3497.10009765625,3497.699951171875,3497.699951171875,3511.050048828125,0.007936193448693007,0.045758655991775754,62.20045912010545,12.75,0.7088912882456531,3635.800048828125
3647.75,3680.5,3625.85009765625,3635.800048828125,1734499.0,2025-03-26,3653.175048828125,3572.0550170898437,3848.31900390625,61.975448222789716,-66.2344846365636,-96.32917406969614,3690.2465770365975,3453.86345714309,3657.75,3628.949951171875,3578.10009765625,3563.14990234375,3497.10009765625,3497.699951171875,3497.699951171875,-0.006000943523169933,0.03966141868939688,40.2477595304514,-11.949951171875,-0.4467996006876338,3651.199951171875
3614.85009765625,3663.0,3610.5,3651.199951171875,2528474.0,2025-03-27,3636.75,3570.835009765625,3838.0104052734373,57.48338935902338,-56.83316181912869,-88.42997161958266,3684.9600395646607,3456.709979966589,3635.800048828125,3657.75,3628.949951171875,3578.10009765625,3563.14990234375,3497.10009765625,3497.699951171875,0.004235629610245928,0.024711295129685062,31.413354750676547,36.349853515625,0.45775465999115594,3606.14990234375
3651.0,3660.949951171875,3591.89990234375,3606.14990234375,2051919.0,2025-03-28,3626.4249267578125,3569.665002441406,3826.4749853515623,49.3117008525792,-52.41351778812077,-81.22668085329028,3681.7164840393666,3457.6135208434457,3651.199951171875,3635.800048828125,3657.75,3628.949951171875,3578.10009765625,3563.14990234375,3497.10009765625,-0.012338422828272133,0.007839301283346867,20.278486172944742,-44.85009765625,-0.18847534125326182,3550.800048828125
3572.699951171875,3584.0,3525.0,3550.800048828125,2618493.0,2025-04-01,3554.5,3566.577502441406,3814.684990234375,45.15164274819766,-52.76890160224593,-75.53512500308142,3677.045306901545,3456.1096979812673,3606.14990234375,3651.199951171875,3635.800048828125,3657.75,3628.949951171875,3578.10009765625,3563.14990234375,-0.015348738963860464,-0.02153512817626857,43.669272596907184,-21.89990234375,0.2761190865721308,3543.949951171875
3544.0,3564.10009765625,3530.050048828125,3543.949951171875,1764313.0,2025-04-02,3547.0750732421875,3569.1224975585938,3803.0779931640627,46.01295873795752,-52.99242774711911,-71.02658555188896,3674.694697641688,3463.5502974754995,3550.800048828125,3606.14990234375,3651.199951171875,3635.800048828125,3657.75,3628.949951171875,3578.10009765625,-0.0019291702044756942,-0.031112035767377533,48.666879115115385,-0.050048828125,-0.3262105340743703,3403.14990234375
3491.0,3502.0,3396.14990234375,3403.14990234375,4537821.0,2025-04-03,3449.074951171875,3562.677490234375,3789.584990234375,38.91577053872717,-63.7955654851221,-69.58038153853559,3691.0542780309734,3434.3007024377766,3543.949951171875,3550.800048828125,3606.14990234375,3651.199951171875,3635.800048828125,3657.75,3628.949951171875,-0.039729694484417544,-0.06398870767366915,93.52930558610817,-87.85009765625,1.5720045139382863,3299.39990234375
3362.60009765625,3399.64990234375,3295.5,3299.39990234375,5317367.0,2025-04-04,3347.574951171875,3550.2949829101562,3774.855986328125,31.22836025341266,-79.80890057347051,-71.62608534552258,3724.5828210108025,3376.00714480951,3403.14990234375,3543.949951171875,3550.800048828125,3606.14990234375,3651.199951171875,3635.800048828125,3657.75,-0.030486461947664245,-0.09635189897370933,126.03173580271446,-63.2001953125,0.171788618369918,3274.050048828125
3100.0,3291.39990234375,3056.050048828125,3274.050048828125,6623955.0,2025-04-07,3173.7249755859375,3533.91748046875,3757.2049853515623,30.577499607763315,-93.46766822429527,-75.99440192127713,3745.478986769449,3322.355974168051,3299.39990234375,3403.14990234375,3543.949951171875,3550.800048828125,3606.14990234375,3651.199951171875,3635.800048828125,-0.007683170960154806,-0.09209263688672031,130.80307200427288,174.050048828125,0.24572086147147632,3292.949951171875
3302.050048828125,3349.0,3255.300048828125,3292.949951171875,5557558.0,2025-04-08,3302.1500244140625,3518.00498046875,3740.15498046875,32.78397361890951,-101.59613878114533,-81.11474929325078,3751.7976928744242,3284.212268063076,3274.050048828125,3299.39990234375,3403.14990234375,3543.949951171875,3550.800048828125,3606.14990234375,3651.199951171875,0.005772636967023459,-0.07261746482777831,113.15755047388127,-9.10009765625,-0.16099097895441616,3246.60009765625
3260.550048828125,3270.0,3212.050048828125,3246.60009765625,2990265.0,2025-04-09,3241.0250244140625,3500.852490234375,3722.03998046875,30.44189341063698,-110.50423207586618,-86.99264584977387,3761.3273040226604,3240.37767644609,3292.949951171875,3274.050048828125,3299.39990234375,3403.14990234375,3543.949951171875,3550.800048828125,3606.14990234375,-0.014075480709668908,-0.08390351376641214,59.50367914295714,-13.949951171875,-0.4619462360986606,3248.199951171875
3314.39990234375,3314.39990234375,3238.60009765625,3248.199951171875,3512160.0,2025-04-15,3276.5,3484.4974853515623,3705.7009814453127,22.65819560008123,-116.0965763189065,-92.81343194360039,3765.553765070738,3203.4412056323868,3246.60009765625,3292.949951171875,3274.050048828125,3299.39990234375,3403.14990234375,3543.949951171875,3550.800048828125,0.0004927781271182319,-0.04553133291753064,24.52125195349465,-66.199951171875,0.17453135424452348,3273.800048828125
3248.199951171875,3278.10009765625,3229.0,3273.800048828125,2384391.0,2025-04-16,3253.550048828125,3472.877490234375,3690.3709814453123,24.06236122446687,-117.11283166701332,-97.67331188828298,3768.9702675720905,3176.784712896659,3248.199951171875,3246.60009765625,3292.949951171875,3274.050048828125,3299.39990234375,3403.14990234375,3543.949951171875,0.007881318281226513,-0.007758942314764594,19.614214529835603,25.60009765625,-0.32110410687440205,3298.89990234375
3245.5,3303.60009765625,3218.0,3298.89990234375,2932346.0,2025-04-17,3260.800048828125,3462.269982910156,3674.3529833984376,20.57587390776493,-114.57215644087,-101.0530807988004,3767.659330046562,3156.8806357737503,3273.800048828125,3248.199951171875,3246.60009765625,3292.949951171875,3274.050048828125,3299.39990234375,3403.14990234375,0.007666886535910855,0.007589943081205863,24.378793284639887,53.39990234375,0.2298092049500271,3321.60009765625
3290.10009765625,3354.0,3284.10009765625,3321.60009765625,2432946.0,2025-04-21,3319.050048828125,3453.464990234375,3658.7839892578127,19.70255085919092,-109.46509153573379,-102.73548294618708,3764.6527925361906,3142.277187932559,3298.89990234375,3273.800048828125,3248.199951171875,3246.60009765625,3292.949951171875,3274.050048828125,3299.39990234375,0.006881140981686684,0.008700450024811124,32.51633757035551,31.5,-0.17030732389697534,3314.39990234375
3322.60009765625,3333.89990234375,3295.0,3314.39990234375,2710498.0,2025-04-22,3314.449951171875,3444.2999877929688,3642.8239892578126,20.240713722834258,-104.79073898215711,-103.14653415338108,3760.7547574679375,3127.845218118,3321.60009765625,3298.89990234375,3273.800048828125,3248.199951171875,3246.60009765625,3292.949951171875,3274.050048828125,-0.0021676887948012258,0.02088332490855449,30.303838195515564,-8.2001953125,0.11408062488850956,3413.0
3365.0,3420.89990234375,3337.300048828125,3413.0,3543923.0,2025-04-23,3379.0999755859375,3440.0949829101564,3629.6209912109375,30.888962625561817,-92.06876564159575,-100.93098045102403,3755.829847447395,3124.360118372918,3314.39990234375,3321.60009765625,3298.89990234375,3273.800048828125,3248.199951171875,3246.60009765625,3292.949951171875,0.02974900451406781,0.050735807926069576,52.840309990273035,48.0,0.30748039659132753,3401.60009765625
3401.10009765625,3412.5,3387.699951171875,3401.60009765625,2252175.0,2025-04-24,3400.0999755859375,3432.0174926757813,3616.2799951171874,32.65203354651905,-81.96158482793226,-97.13710132640568,3742.722911893958,3121.3120734576046,3413.0,3314.39990234375,3321.60009765625,3298.89990234375,3273.800048828125,3248.199951171875,3246.60009765625,-0.0033401413254467993,0.03903721880445077,53.18989909952642,0.5,-0.3644966326864325,3448.0
3420.0,3477.800048828125,3405.0,3448.0,2742991.0,2025-04-25,3441.4000244140625,3425.512487792969,3603.0989990234375,41.14708277950345,-69.4074015552992,-91.5911613721844,3728.696932112303,3122.328043473635,3401.60009765625,3413.0,3314.39990234375,3321.60009765625,3298.89990234375,3273.800048828125,3248.199951171875,0.013640610598441683,0.045196914750374795,58.93448413217838,28.0,0.2179297789914194,3443.5
3435.0,3457.800048828125,3405.0,3443.5,1593296.0,2025-04-28,3431.4000244140625,3416.239990234375,3590.1469970703124,41.314310974278776,-59.139509799756524,-85.10083105769883,3704.187719203105,3128.292261265645,3448.0,3401.60009765625,3413.0,3314.39990234375,3321.60009765625,3298.89990234375,3273.800048828125,-0.0013051044083526309,0.03669915063820106,53.87749305428746,8.5,-0.41913918055144916,3472.5
3455.0,3495.0,3430.39990234375,3472.5,1578332.0,2025-04-29,3462.699951171875,3406.977490234375,3577.9419970703125,57.43382369105056,-48.107520420915534,-77.70216893034217,3673.322428907012,3140.632551561738,3443.5,3448.0,3401.60009765625,3413.0,3314.39990234375,3321.60009765625,3298.89990234375,0.00842166400464639,0.04770097221655445,28.480086621777048,17.5,-0.009391851859290479,3453.699951171875
3472.0,3509.89990234375,3366.0,3453.699951171875,2809332.0,2025-04-30,3437.949951171875,3397.8724853515623,3566.427998046875,70.22282405929005,-40.415709042917115,-70.24487695285715,3642.876643404298,3152.8683272988264,3472.5,3443.5,3448.0,3401.60009765625,3413.0,3314.39990234375,3321.60009765625,-0.005413980944024455,0.011924978368553996,26.07797339306863,-18.300048828125,0.7799373008974031,3431.0
3472.0,3491.5,3420.0,3431.0,1721761.0,2025-05-02,3455.75,3386.8624877929688,3554.3089990234375,70.71400446844859,-35.73960553206689,-63.343822668699104,3601.8908356489296,3171.834139937008,3453.699951171875,3472.5,3443.5,3448.0,3401.60009765625,3413.0,3314.39990234375,-0.006572647158932465,0.008642962576349555,15.222118883995197,-41.0,-0.3871279720588382,3454.300048828125
3450.0,3504.5,3446.39990234375,3454.300048828125,1284443.0,2025-05-05,3475.449951171875,3379.2699951171876,3544.1239990234376,71.05024105104371,-29.810009364546204,-56.63706000786853,3571.1770942811613,3187.362895953214,3431.0,3453.699951171875,3472.5,3443.5,3448.0,3401.60009765625,3413.0,0.0067910372568129596,0.0018271603329829134,15.302614634346899,4.300048828125,-0.25399460203826196,3460.0
3460.0,3473.0,3437.0,3460.0,1324763.0,2025-05-06,3455.0,3374.7299926757814,3534.3210009765626,81.14416834724113,-24.36990219548943,-50.183628445392706,3553.3899942602175,3196.0699910913454,3454.300048828125,3431.0,3453.699951171875,3472.5,3443.5,3448.0,3401.60009765625,0.0016501030863860233,0.004791636416436873,15.058054809547613,0.0,0.031391038761548806,3445.10009765625
3420.60009765625,3459.5,3420.60009765625,3445.10009765625,1477128.0,2025-05-07,3440.050048828125,3369.7875,3525.0200048828124,77.66227387504313,-21.018586484242405,-44.35062005316265,3533.5878434439915,3205.9871565560084,3460.0,3454.300048828125,3431.0,3453.699951171875,3472.5,3443.5,3448.0,-0.004306330157153204,-0.007890540631749432,11.294106118175142,24.5,0.11501302497125909,3448.89990234375
3448.0,3477.0,3428.699951171875,3448.89990234375,2543591.0,2025-05-08,3452.8499755859375,3372.075,3515.3010009765626,76.20471869010203,-17.850265407947063,-39.050549124119534,3539.083473546898,3205.0665264531017,3445.10009765625,3460.0,3454.300048828125,3431.0,3453.699951171875,3472.5,3443.5,0.0011029591535192118,-0.0013898279804231972,10.975106909849131,0.89990234375,0.721984147616185,3440.300048828125
3399.0,3446.199951171875,3398.10009765625,3440.300048828125,2531757.0,2025-05-09,3422.1500244140625,3379.120007324219,3506.017001953125,72.26073861797586,-15.850568943059443,-34.410553087907516,3545.1044952028005,3213.1355194456373,3448.89990234375,3445.10009765625,3460.0,3454.300048828125,3431.0,3453.699951171875,3472.5,-0.002493506265514034,0.0027105942372851466,7.704005211072879,41.300048828125,-0.004652477540610933,3620.39990234375
3505.0,3630.5,3502.199951171875,3620.39990234375,2228678.0,2025-05-12,3566.3499755859375,3396.4375,3500.9610009765624,81.45264335181265,0.2637179573789581,-27.47569887885022,3586.752982700226,3206.122017299774,3440.300048828125,3448.89990234375,3445.10009765625,3460.0,3454.300048828125,3431.0,3453.699951171875,0.05235004242637875,0.04808495242675126,77.18519975700578,115.39990234375,-0.11971093592315529,3515.0
3620.39990234375,3623.0,3510.5,3515.0,3062887.0,2025-05-13,3566.75,3407.540002441406,3495.5789990234375,67.49828777625581,4.47789676127104,-21.08497975082597,3598.3427396350635,3216.737265247749,3620.39990234375,3440.300048828125,3448.89990234375,3445.10009765625,3460.0,3454.300048828125,3431.0,-0.029112779026294056,0.01589595375722541,77.01756507501138,-105.39990234375,0.37430665174601274,3548.699951171875
3521.0,3561.0,3508.60009765625,3548.699951171875,2119499.0,2025-05-14,3534.800048828125,3422.6449951171876,3490.965,63.34843584968826,10.416888832033692,-14.78460603425404,3607.54227161726,3237.747718617115,3515.0,3620.39990234375,3440.300048828125,3448.89990234375,3445.10009765625,3460.0,3454.300048828125,0.00958746832770263,0.030071652659992454,74.48750500163887,27.699951171875,-0.3080061393058249,3579.89990234375
3564.0,3600.0,3514.10009765625,3579.89990234375,3548330.0,2025-05-15,3557.050048828125,3439.2299926757814,3486.842998046875,66.8812820894515,17.440119307657824,-8.339660965871667,3617.6352399321127,3260.82474541945,3548.699951171875,3515.0,3620.39990234375,3440.300048828125,3448.89990234375,3445.10009765625,3460.0,0.008791938343948091,0.03798312612986443,68.3615722718447,15.89990234375,0.6741361991678223,3561.300048828125
