Actual_Close,LSTM_Pred,LinearRegression_Pred,RandomForest_Pred,XGBoost_Pred
1414.627197265625,1337.6208,1420.2674910690241,1375.6780908203125,1325.2709
1411.23291015625,1345.4879,1414.8332167720787,1370.3961962890626,1337.7179
1412.4652099609375,1353.957,1411.210614530372,1369.8756335449218,1347.2632
1444.1534423828125,1361.9221,1435.1329141638034,1428.1117712402345,1347.4458
1414.8363037109375,1369.6971,1422.424343662523,1432.0724572753907,1322.6907
1407.698974609375,1376.4896,1414.7678121421013,1392.7064196777344,1347.1328
1396.7718505859375,1382.3827,1397.6174265012976,1368.1084777832032,1323.1127
1410.791015625,1386.3466,1408.25659573852,1365.9998596191406,1346.1342
1419.1839599609375,1388.8312,1426.517183355245,1393.930283203125,1346.9572
1342.299560546875,1391.2235,1339.8843855579623,1359.7772814941407,1305.872
1342.34619140625,1366.2018,1346.6833559325094,1355.9101245117188,1301.8143
1334.3486328125,1347.3611,1336.39875833832,1354.5006921386719,1294.5508
1313.8896484375,1335.7148,1313.465135824085,1348.9817529296874,1293.2057
1316.35400390625,1326.8336,1318.2322647552733,1340.1304040527343,1293.6464
1332.09375,1321.2637,1329.1704606187302,1338.0429125976561,1295.5087
1328.3270263671875,1318.3694,1330.4188104931554,1343.7267321777344,1296.4948
1316.5169677734375,1317.7041,1320.5486472497466,1342.4008178710938,1305.356
1310.3790283203125,1318.279,1309.6688050619687,1320.25302734375,1302.0647
1309.8443603515625,1317.1309,1300.049149512508,1316.4689599609376,1300.3689
1324.119140625,1315.4668,1325.7729975701925,1328.5961877441407,1302.4716
1324.7933349609375,1315.0188,1328.140015347831,1335.87494140625,1300.4031
1352.924560546875,1314.4954,1346.376493630081,1342.9212475585937,1303.2869
1353.66845703125,1315.957,1357.0868540540894,1353.241661376953,1304.9985
1353.505615234375,1318.767,1350.823297448239,1354.2814672851562,1299.6101
1375.383056640625,1324.5918,1372.3861860024792,1358.7521423339845,1298.6515
1371.8260498046875,1332.8496,1367.4149365471976,1359.7584948730469,1297.8396
1359.550537109375,1342.0216,1367.1679068304788,1359.4495275878905,1314.9572
1365.920654296875,1350.959,1372.4632190680616,1357.8850415039062,1304.6735
1401.5147705078125,1358.8124,1399.463263947148,1358.259375,1367.2435
1459.6834716796875,1365.6808,1451.865771724668,1420.8857458496093,1369.4231
1466.2166748046875,1372.801,1491.8839114443003,1460.5886560058593,1381.3561
1482.1884765625,1381.6389,1475.1010001967534,1455.4461877441406,1383.4271
1472.40087890625,1391.1847,1470.46818555308,1455.9938452148438,1382.3431
1468.91357421875,1401.3398,1474.342634366255,1456.0138342285156,1388.6902
1483.8157958984375,1410.945,1488.3322131043253,1461.3379272460938,1431.9355
1582.0657958984375,1419.3733,1573.3138831229687,1468.8674975585936,1427.0071
1584.9488525390625,1425.2809,1629.4571995909562,1471.6896545410157,1462.6777
1574.2542724609375,1433.0645,1571.5298044281176,1472.048856201172,1474.7794
1613.591552734375,1442.4253,1599.8849878001186,1472.8576794433593,1474.7794
1645.6749267578125,1452.5251,1643.6618633976607,1475.2616088867187,1474.7794
1605.082275390625,1462.7253,1608.738149536743,1475.302060546875,1474.8251
1642.350341796875,1474.3357,1632.467720761743,1474.2523681640625,1476.6984
1627.3082275390625,1485.8794,1621.577814356008,1473.0892126464844,1455.6533
1618.9852294921875,1496.6775,1621.0741813977445,1473.0673706054688,1456.6938
1618.4737548828125,1505.5604,1615.3351917136533,1472.0730041503907,1457.7019
1590.6678466796875,1512.8125,1593.864134318,1472.842783203125,1437.4963
1600.083740234375,1517.3805,1599.481676041415,1469.8745971679687,1438.5132
1622.449462890625,1520.2349,1616.1855606245213,1469.1631762695313,1431.055
1604.7568359375,1522.669,1606.7607318884457,1470.7399291992188,1440.0515
1607.4073486328125,1524.4856,1606.5030010704456,1467.8119396972656,1399.3705
1596.5267333984375,1524.6323,1591.4252022601424,1468.5970581054687,1406.1337
1619.2412109375,1523.6012,1609.6051873854879,1468.5896142578124,1406.4429
1624.588134765625,1523.2859,1621.2423839690282,1468.5896142578124,1403.7479
1623.611572265625,1523.596,1622.1930111076902,1468.6451794433594,1405.0746
1628.3775634765625,1523.7375,1617.657794452422,1466.81431640625,1404.1106
1653.8121337890625,1525.2736,1654.3638959681302,1467.4241430664063,1399.8153
1631.5628662109375,1528.022,1633.5227283621782,1467.3676403808595,1404.1207
1625.1463623046875,1531.6053,1625.4399614399786,1464.4705920410156,1404.422
1675.6429443359375,1535.455,1663.4962045323787,1464.6068383789063,1438.3126
1667.3197021484375,1540.4462,1682.6046673880037,1467.8768420410156,1437.9421
1628.3775634765625,1547.6333,1633.3246169752476,1463.8853137207032,1399.6638
1638.351806640625,1553.6017,1627.7993070687203,1461.8730834960938,1399.9602
1633.9808349609375,1557.5227,1627.7641734803738,1461.897996826172,1408.0044
1632.57421875,1560.1866,1634.3729788007645,1461.7296801757811,1383.5228
1624.510009765625,1561.6569,1619.7890263364409,1461.1076428222657,1367.9404
1635.57470703125,1563.4436,1614.957407472401,1460.8737622070312,1369.2477
1614.3360595703125,1564.901,1615.2775712596392,1460.6747534179688,1370.903
1618.2274169921875,1565.3403,1614.4066478722,1460.7377429199219,1371.0991
1627.4168701171875,1565.1908,1630.3993575941665,1460.7377429199219,1362.4258
1638.2474365234375,1565.1652,1639.0253054323155,1460.6156860351562,1319.1696
1640.68505859375,1565.2241,1642.7997353254393,1460.7377429199219,1322.4819
1670.03515625,1566.6581,1661.650129270202,1461.4437048339844,1339.8301
1710.44970703125,1569.6804,1700.311349023062,1461.3374536132812,1316.5643
1676.1768798828125,1574.6608,1683.0429590535332,1460.956162109375,1317.7612
1725.4061279296875,1580.3755,1710.3500002581707,1461.7236193847657,1340.5983
1715.0443115234375,1586.8993,1720.323843703532,1461.5287927246093,1361.8164
1710.8248291015625,1595.4756,1715.21315914899,1461.998302001953,1400.0146
1708.9024658203125,1604.4178,1709.5778653071004,1462.0057458496094,1413.3948
1705.995849609375,1612.9391,1706.5214811332714,1461.17296875,1416.037
1697.040771484375,1620.7821,1693.215717077131,1461.17296875,1416.142
1705.90185546875,1626.9238,1701.030986077191,1461.13578125,1402.1075
1736.6114501953125,1632.534,1734.3151126663583,1461.3580102539063,1426.253
1742.23779296875,1637.7346,1754.2597600228933,1462.025408935547,1450.6869
1727.890869140625,1643.4238,1724.1094865716152,1462.025408935547,1438.083
1732.6260986328125,1647.9622,1740.2166682466643,1462.008084716797,1414.6123
1736.0020751953125,1651.9487,1730.659385228567,1460.3697216796875,1409.796
1757.287841796875,1655.2058,1753.8715050274238,1461.9655432128907,1439.7567
1749.8798828125,1657.9415,1745.4211842501757,1460.7152062988282,1436.8431
1763.148193359375,1661.805,1756.087033297341,1461.2657446289063,1437.3267
1793.7640380859375,1665.466,1789.622505190943,1461.7731530761719,1456.5569
1765.679931640625,1670.3607,1769.9577460892724,1462.025408935547,1436.9521
1758.272216796875,1674.5623,1758.00745386058,1462.025408935547,1437.6372
1856.542724609375,1677.6805,1847.952660432207,1466.093505859375,1453.3229
1848.5255126953125,1678.2621,1848.184018184729,1471.6845336914062,1453.3229
1857.6680908203125,1683.1467,1861.3524882264035,1471.6845336914062,1454.392
1865.2633056640625,1691.6425,1857.6760093318883,1470.673885498047,1453.6385
1881.189208984375,1702.0509,1873.7069059515975,1470.6720251464844,1453.4131
1879.404052734375,1713.0908,1876.99793237492,1471.4431811523436,1460.7738
1861.693115234375,1724.8291,1862.5851899940756,1469.8215747070312,1466.3794
1875.974609375,1735.3546,1871.7100471456772,1469.5962902832032,1467.532
1884.4779052734373,1744.3701,1874.2877877179276,1469.3182360839844,1466.4049
1878.229736328125,1751.9702,1869.7960479360936,1468.9806579589845,1466.1862
1861.7867431640625,1758.557,1854.819509091606,1468.7811755371094,1442.5245
1846.001708984375,1763.2998,1844.8221331718628,1469.257559814453,1438.5187
1826.3173828125,1764.8466,1827.160960007225,1464.5284814453125,1442.0295
1827.1162109375,1764.6123,1822.9971835589722,1461.2787475585938,1441.0142
1822.9818115234373,1763.5194,1815.1776314151475,1461.5182177734375,1392.2393
1857.088623046875,1758.969,1851.2558912752556,1460.9356030273439,1387.2192
1830.6866455078125,1755.1576,1836.1933816502574,1461.1922729492187,1373.2124
1859.8607177734373,1751.9436,1850.5795874972728,1461.053475341797,1368.804
1856.1962890625,1750.1769,1856.9662624096698,1460.884219970703,1373.2124
1848.4918212890625,1749.807,1841.5406782185332,1460.9086364746095,1373.069
1854.7398681640625,1749.9592,1845.8086290871322,1460.9290942382813,1368.4865
1855.0687255859373,1751.1855,1847.6147197462951,1460.9328161621095,1375.3151
1872.68603515625,1752.5702,1862.6367975200403,1460.1218762207031,1357.1327
1879.3099365234373,1754.3883,1872.8788761295864,1460.8999047851562,1360.2023
1882.5048828125,1757.1002,1884.3322291089846,1461.3838391113281,1317.8596
1887.1553955078125,1760.9902,1885.9563997091072,1460.6840405273438,1345.0813
1891.1488037109373,1766.536,1888.1878875303944,1460.9407202148439,1354.0684
1888.5179443359373,1774.1646,1885.4644726807494,1460.9407202148439,1348.2294
1895.7528076171875,1782.2007,1891.7555320795293,1460.895927734375,1355.7771
1912.1485595703125,1790.0156,1907.4873536048372,1460.9816296386718,1350.3882
1919.5711669921875,1796.6863,1914.9743828556486,1461.3339428710938,1378.4714
1926.993896484375,1804.7487,1923.003529897736,1461.714757080078,1417.785
1944.1884765625,1813.065,1938.592995188149,1461.376484375,1442.6064
1946.819091796875,1821.6746,1930.5906350959401,1462.0013415527344,1463.1914
1956.591064453125,1830.7612,1950.6605427147713,1461.7470007324218,1466.003
1952.832275390625,1839.4545,1955.2577548407444,1461.7470007324218,1464.1031
1928.873046875,1847.1565,1935.6781379603851,1461.7121240234376,1441.4567
1972.093994140625,1851.699,1964.2003508493854,1462.1191088867188,1450.335
1953.631103515625,1854.219,1960.4449230583925,1461.5200854492186,1443.415
1949.9200439453125,1856.0116,1940.580772890938,1461.2657446289063,1443.9108
1954.195068359375,1856.6346,1945.2774229600122,1461.5200854492186,1418.3282
1955.0406494140625,1857.1404,1955.4558750661301,1461.1320593261719,1418.4717
1922.6251220703125,1858.1423,1928.7188710827281,1461.2488854980468,1367.2909
1920.4639892578125,1857.2931,1928.679246386118,1460.717294921875,1367.2723
1940.617919921875,1854.9061,1922.0065919296335,1461.012666015625,1366.931
1948.8388671875,1851.6953,1938.278337930712,1460.9407202148439,1361.6158
1945.6448974609373,1849.8073,1937.8709732379205,1460.9290942382813,1318.787
1952.362548828125,1848.4672,1951.3494914774533,1460.9290942382813,1318.6436
1976.087646484375,1848.0667,1962.5042542060366,1461.4437048339844,1315.4122
2065.629638671875,1848.091,2044.4738761300955,1461.7237292480468,1343.2944
2051.30078125,1852.187,2040.5761922180056,1462.2105627441406,1433.0682
2012.7307128906252,1860.4824,2022.1804264364378,1462.1696533203126,1394.8552
2056.609130859375,1868.8986,2053.306353746549,1465.6037622070312,1423.6488
2051.770751953125,1877.2174,2040.4882551167289,1465.8555444335936,1425.2034
2119.2802734375,1885.3782,2117.956747614861,1471.163516845703,1439.9629
2032.180908203125,1894.5828,2053.3082100948677,1470.7926953125,1397.0044
1940.0545654296875,1902.3989,1954.1378374407582,1462.400408935547,1394.3383
1975.6171874999998,1905.3,1956.8125159407944,1461.982041015625,1347.0706
1952.0340576171875,1903.852,1956.8768109517887,1461.3615124511718,1351.6892
1965.4228515625002,1900.6436,1956.0855202516727,1461.2596826171875,1353.9133
1920.1348876953125,1896.5588,1930.112066097393,1460.5542944335937,1342.8688
1860.3304443359373,1891.6427,1849.980017758218,1461.5976098632811,1312.3676
1802.405029296875,1882.6133,1805.621899231408,1461.3025329589843,1313.2883
1831.7200927734373,1868.9401,1821.1439407660644,1460.4436437988281,1307.5748
1843.746826171875,1854.0037,1835.935973733188,1461.190625,1309.6309
1812.8343505859373,1840.2952,1830.0242081265885,1460.3480822753907,1314.076
1797.6134033203125,1828.6848,1770.3962242343134,1461.812322998047,1316.0967
1788.0294189453125,1816.818,1779.0129272546326,1460.7509997558593,1329.6024
1735.914306640625,1805.8837,1748.2349262076193,1460.26974609375,1317.8568
1740.48046875,1793.89,1732.3754254864757,1460.5619860839843,1312.336
1744.7177734375,1781.6561,1749.0910785345043,1461.1125244140626,1312.5604
1693.96728515625,1770.8805,1704.504279550393,1461.1125244140626,1312.7344
1761.6656494140625,1760.0785,1739.2670563576987,1460.26974609375,1317.0562
1784.0748291015625,1751.0864,1777.4432301506313,1460.5954663085938,1324.9022
1824.8916015625,1745.375,1805.2836119536655,1460.6521789550782,1315.956
1822.6318359375,1743.9204,1803.193071089885,1460.67263671875,1315.956
1801.635009765625,1746.4387,1815.640532814657,1461.3780249023437,1317.6871
1780.3558349609375,1751.8948,1794.422041259155,1461.3575671386718,1322.1101
1819.760009765625,1756.943,1816.9468413670672,1460.9381567382814,1322.5221
1828.6578369140625,1761.6049,1836.4207240761032,1461.0369641113282,1324.1113
1797.6331787109375,1767.5989,1814.1381763965194,1460.780284423828,1317.5997
1802.9532470703125,1773.032,1826.3586388417762,1460.780284423828,1320.047
1821.8787841796875,1777.2516,1817.1375270522344,1461.0485900878907,1345.7417
1770.7518310546875,1781.5475,1782.9592252552195,1460.6931030273438,1323.0491
1763.407470703125,1783.8315,1777.935996385284,1460.9381567382814,1326.7
1776.35400390625,1783.4469,1779.6768280975039,1460.9497827148436,1350.522
1791.278076171875,1782.6779,1776.4159628042157,1461.0485900878907,1324.5945
1768.491943359375,1780.9402,1774.9568203764627,1460.9381567382814,1325.695
1706.1134033203125,1778.0928,1714.874344233557,1460.860115966797,1320.9213
1706.631103515625,1770.8606,1728.240228977552,1461.5200830078124,1320.7166
1738.2205810546875,1761.1864,1725.4221639100083,1461.1286352539062,1323.1671
1779.790771484375,1751.1843,1770.3034300924387,1461.5986499023438,1320.8864
1867.9681396484373,1744.3157,1850.57899734384,1461.3402014160156,1311.1309
1845.9827880859373,1741.5182,1844.8366612861012,1461.1207202148437,1315.0181
1853.2327880859373,1743.1859,1860.9340984421128,1461.3346166992187,1310.7493
1866.555908203125,1747.6143,1861.9821342208688,1461.27130859375,1316.1188
1893.343505859375,1754.5604,1886.8724292216755,1461.934599609375,1311.9153
1889.4830322265625,1762.4027,1885.2544521741156,1461.1373876953126,1339.954
1876.254150390625,1771.5594,1883.5483037595416,1460.7919104003906,1342.2634
1878.60791015625,1780.5132,1875.6086501363611,1461.0485900878907,1343.0858
1860.341796875,1788.1829,1876.4525057456408,1461.0060485839845,1318.6727
1883.1275634765625,1793.5773,1879.4450688482495,1461.0469580078125,1340.0437
1898.945556640625,1797.529,1891.3428819938779,1460.912890625,1372.9886
1866.7442626953125,1802.7733,1877.556372029413,1460.5991003417969,1364.2092
1873.4761962890625,1807.2911,1872.1515684866151,1460.6840405273438,1341.1597
1877.7606201171875,1810.275,1877.523400631698,1461.0060485839845,1350.0067
1871.687255859375,1812.2465,1871.196907792862,1460.994422607422,1322.4497
1853.4210205078125,1811.3838,1850.7766828486556,1460.7377429199219,1316.3103
1839.862548828125,1808.6531,1847.26506604349,1461.0369641113282,1326.2098
1785.0164794921875,1804.2048,1793.1871915600152,1460.8412841796876,1319.0062
1806.3900146484373,1796.3019,1816.5571543480053,1460.8739880371095,1327.1029
1778.8023681640625,1787.0833,1776.4063443982618,1461.1125244140626,1307.8523
1797.39794921875,1777.1238,1796.4493193265566,1461.1286352539062,1317.9073
1785.2520751953125,1767.8252,1790.9940298839615,1460.5954663085938,1320.7878
1782.4271240234375,1760.1843,1780.2892475228577,1460.9176989746093,1322.9486
1791.607177734375,1754.2513,1785.5514160247856,1460.8147094726562,1322.3982
1810.9095458984373,1749.3074,1809.7809520435578,1460.6591760253907,1324.3027
1788.9239501953125,1745.6176,1805.7643523879449,1460.007491455078,1320.7288
1767.173828125,1743.1941,1748.6400122815899,1461.2934912109374,1324.5751
1786.9937744140625,1739.5153,1785.624329787301,1460.8147094726562,1328.094
1782.898193359375,1736.8545,1780.3757385875704,1460.8147094726562,1327.9171
1776.68359375,1735.1989,1777.4048807951103,1460.71728515625,1328.7413
1778.190185546875,1734.1982,1778.1862981681684,1461.014874267578,1325.7266
1734.8782958984375,1733.4377,1739.6881998388765,1461.2348864746093,1322.5865
1707.2904052734375,1730.43,1715.4676317433823,1460.8412841796876,1321.6174
1758.65283203125,1725.6732,1748.340164719274,1461.149093017578,1322.7361
1760.865478515625,1720.8123,1752.0800088028527,1460.653575439453,1327.0587
1787.427001953125,1718.0782,1782.307740412618,1460.1234948730469,1318.3188
1793.4189453125,1718.4021,1787.6421298708228,1460.930712890625,1326.1884
1801.0147705078125,1720.9464,1810.4233192311997,1460.8988513183594,1322.2113
1794.5985107421875,1724.9696,1795.0071038143724,1460.8988513183594,1327.0842
1769.7822265625,1728.7654,1776.4739412484287,1460.780284423828,1318.0872
1794.268310546875,1731.6659,1788.178128513697,1461.0060485839845,1325.539
1812.43212890625,1734.8582,1820.3244075591097,1460.7493688964844,1324.2896
1844.70263671875,1738.51,1841.8980424664908,1460.1425646972657,1339.9291
1870.8868408203125,1743.5044,1855.7182468965868,1460.910477294922,1339.7391
1869.61328125,1750.1252,1857.8530616049911,1461.2348010253907,1332.4259
1900.46826171875,1757.5913,1896.4704945697658,1461.4511767578124,1365.4641
1915.42431640625,1766.7101,1907.3532196298593,1461.8405249023438,1387.6691
1934.578857421875,1777.7606,1929.1621688783143,1461.8854028320313,1383.2025
1929.20068359375,1789.821,1923.208412620303,1462.524208984375,1410.97
1957.7437744140625,1801.6217,1955.128159085911,1464.622889404297,1428.4283
1965.386474609375,1812.5876,1969.3490628714937,1468.8697705078125,1409.0051
1945.0994873046875,1823.036,1950.8801698324312,1468.0225756835937,1459.6609
1949.3458251953125,1831.4562,1961.0170294535908,1468.0225756835937,1458.1992
1935.8524169921875,1838.2742,1919.30856179972,1468.4361853027344,1477.6891
1929.2476806640625,1843.4749,1935.978853043101,1465.3401147460938,1465.08
1915.18798828125,1847.2595,1909.8586614850492,1463.5413403320313,1455.8126
1859.139404296875,1848.6216,1874.7926303641225,1461.3682653808594,1382.6664
1797.334716796875,1845.4951,1805.5423718158327,1461.4871911621094,1354.6106
1806.723388671875,1836.0338,1798.2960890747693,1461.479267578125,1354.0629
1806.2044677734373,1822.8813,1813.6781652111852,1461.5804138183594,1310.0287
1817.0084228515625,1808.113,1808.5779863717448,1461.1125244140626,1309.6932
1873.1514892578125,1794.2314,1861.877835966365,1461.5003063964843,1313.9137
1923.6802978515625,1783.9573,1905.417605589388,1461.4413330078125,1310.1606
1941.98583984375,1778.4647,1932.1146480693385,1461.328575439453,1310.856
1871.5474853515625,1777.9275,1889.8941106601023,1461.4208752441407,1313.5737
1882.8233642578125,1778.3436,1873.7317854845776,1461.4208752441407,1314.0237
1875.935302734375,1779.7382,1873.6339238989153,1461.2027172851563,1309.9655
1886.7862548828125,1782.0397,1891.8621367325245,1460.103037109375,1316.6046
1899.7135009765625,1785.0906,1902.2492520865376,1460.674033203125,1315.9689
1908.5831298828125,1789.0474,1905.6857281315413,1460.9418786621093,1317.4105
1901.12890625,1794.1099,1898.2682558906424,1461.4491674804688,1316.351
1898.911376953125,1799.9738,1898.3665688959031,1460.1988305664063,1342.9531
1887.6357421875,1807.01,1877.4012683279261,1461.0060485839845,1344.7534
1875.2747802734373,1813.3324,1876.7081052649683,1461.0060485839845,1344.9717
1924.859619140625,1818.127,1932.2492617522073,1461.2244287109374,1341.7217
1908.677490234375,1821.7668,1922.050556838387,1460.7493688964844,1319.2291
1908.677490234375,1824.6796,1889.7098872344045,1460.7377429199219,1319.1666
1901.3646240234373,1825.4905,1905.0425666579235,1461.014874267578,1319.2148
1892.4951171875,1824.5833,1879.3226254721383,1461.491708984375,1316.514
1872.3023681640625,1824.1277,1872.6012462677077,1460.780284423828,1316.4266
1870.792724609375,1822.9723,1862.2089528560616,1460.780284423828,1315.8695
1856.8748779296875,1821.085,1862.2840551586132,1460.6610192871094,1320.2828
1887.4468994140625,1818.2843,1888.2874166161882,1461.2553442382812,1313.2341
1917.0281982421875,1815.5045,1917.104668411439,1460.780284423828,1317.4907
1961.98974609375,1814.9764,1956.2515661766688,1460.7722216796874,1337.5101
1961.98974609375,1817.6758,1950.207138775758,1461.5323901367187,1334.4617
1900.845703125,1823.0999,1910.5033592514774,1461.4413330078125,1308.7695
1932.7386474609373,1827.5597,1923.7287607248202,1461.934599609375,1305.9879
1953.9222412109373,1831.5801,1938.8458506522716,1460.6856591796875,1316.0242
1973.5015869140625,1835.3795,1965.2312772633281,1460.1351208496094,1338.2627
1925.1429443359373,1840.0317,1934.1703484504121,1461.3738317871093,1317.9426
1905.5634765625,1843.6014,1913.1736778411346,1461.3738317871093,1318.7867
1900.845703125,1845.2021,1903.030638459571,1461.3738317871093,1318.7867
1994.0716552734373,1845.3601,1974.3313356840397,1461.1607189941406,1339.9398
2011.528076171875,1846.0594,2024.3346785754338,1461.6296936035155,1337.9996
2028.748046875,1849.8632,2005.8590799604688,1462.125938720703,1341.2906
2039.5048828124998,1856.6917,2040.6696132928855,1462.056895751953,1387.2805
2033.4659423828127,1865.6265,2019.465838098749,1461.800216064453,1377.9198
2060.263916015625,1874.628,2058.602895421168,1465.8555444335936,1416.3536
2071.162109375,1883.1085,2067.6874731956946,1468.5766467285157,1436.6676
2112.25537109375,1890.9297,2100.745784929901,1469.5046911621093,1453.5809
2132.825439453125,1900.8118,2125.275382938046,1471.2939428710938,1453.3835
2090.4111328125,1911.9946,2097.3785286794773,1471.139091796875,1422.1606
2011.7166748046875,1922.2692,2016.399149313021,1471.2762744140625,1381.7141
2036.1082763671875,1927.2723,2027.296003282422,1468.8655847167968,1425.3083
2030.541259765625,1928.8068,2043.136015381929,1465.8790173339844,1421.2655
2031.3902587890625,1929.6594,2027.4379844516268,1463.3939416503906,1431.0859
2049.978759765625,1930.0216,2044.2002056181643,1462.1647717285157,1385.9695
2015.30224609375,1929.1898,2028.0380773060328,1461.186221923828,1388.1836
2008.649658203125,1927.2863,2023.193641317215,1460.8621362304686,1369.1852
1974.3034667968748,1924.225,1987.6078145395468,1460.663358154297,1372.6638
1977.1812744140625,1919.4409,1985.9163539482631,1460.653575439453,1370.627
1989.7781982421875,1913.8578,1983.2616640861802,1460.9102551269532,1328.8185
1977.228759765625,1907.9828,1991.2209427993132,1460.9102551269532,1330.0656
2022.9921875000002,1902.6123,1973.4787952431698,1460.2092883300782,1317.2748
1990.7214355468748,1897.7773,1993.20634116427,1460.8572509765625,1325.0477
1964.3017578125,1894.1108,1969.9110735284858,1460.5796606445313,1315.7963
1938.1644287109373,1890.7411,1957.2746500270594,1460.653575439453,1316.1628
1932.4556884765625,1888.1604,1926.7564709288147,1460.5954663085938,1320.0508
1939.2021484375,1884.608,1938.5619307528602,1460.820284423828,1320.3224
1956.7529296875,1880.8296,1960.5228604299875,1461.1286352539062,1316.88
1988.6461181640625,1877.0437,1990.8923587209924,1461.3608178710938,1316.9637
2025.2098388671873,1875.27,2020.0705981226488,1461.149093017578,1314.6602
2072.625,1877.0143,2063.3310514043146,1461.452958984375,1307.0216
2115.7939453125,1882.9675,2098.1345696845406,1460.9461193847656,1340.8114
2076.603515625,1893.5332,2078.614748120319,1461.1164587402343,1331.0763
2060.4326171875,1906.0143,2056.589331839006,1461.064461669922,1303.4248
2075.319580078125,1917.2185,2058.563524857533,1460.6842626953126,1334.9254
2122.64208984375,1926.9603,2113.0694139697,1461.362218017578,1348.948
2142.9033203125,1936.3649,2144.646436049938,1461.5960925292968,1392.2024
2150.608154296875,1946.718,2133.0351436610144,1464.2760119628906,1417.0682
2144.14013671875,1957.6847,2152.2998683297546,1466.29658203125,1408.2328
2144.5205078125,1969.1307,2133.697873106288,1468.6602941894532,1448.4271
2139.479248046875,1980.0225,2138.9881120832015,1468.0151318359376,1442.2076
2141.048828125,1989.7673,2136.3656070338,1467.9800341796874,1467.3612
2149.65673828125,1997.5686,2151.418290611339,1468.0702380371094,1465.0321
2166.82666015625,2003.8656,2146.9039297588884,1468.0776818847655,1465.808
2140.09765625,2007.9565,2147.5386788266783,1468.2737133789062,1439.3635
2164.495849609375,2009.79,2156.9600696158955,1467.7456799316406,1442.0187
2157.171630859375,2010.4058,2146.709751972279,1467.7456799316406,1443.1322
2144.23486328125,2011.7382,2141.365414030367,1464.3615649414062,1444.5751
2142.66552734375,2013.5186,2138.6183752390275,1462.690906982422,1438.7262
2118.55224609375,2014.667,2122.705420344635,1461.5461193847657,1413.5364
2130.2998046875,2013.2084,2118.296575514146,1460.2485961914062,1367.8501
2142.237548828125,2009.6844,2123.0997843555942,1461.053475341797,1369.6493
2128.4921875,2006.114,2129.264538954682,1460.9290942382813,1372.38
2133.248779296875,2003.2119,2130.20659611115,1460.9290942382813,1374.7661
2057.57958984375,2001.2172,2064.535050154875,1461.3053698730469,1364.4596
2069.27880859375,1996.8588,2056.969465110059,1460.3278552246093,1318.5359
2029.2808837890625,1990.6256,2021.1863453884785,1461.329090576172,1312.1426
2005.3571777343752,1982.3768,2002.7959183077182,1461.6987561035157,1312.6583
1999.982666015625,1970.517,1996.1184254553675,1461.1125244140626,1308.774
2004.7867431640623,1959.1676,2004.4202708971727,1461.1662280273438,1316.8031
2041.0279541015623,1948.4785,2023.0338793198882,1460.893055419922,1316.5803
2007.943725585937,1940.5653,2010.4164759926455,1460.0523718261718,1315.4614
2018.6701660156252,1934.7585,2006.8240137182772,1460.8147094726562,1327.1713
1969.758544921875,1930.8103,1977.1976730495785,1460.9004992675782,1320.522
1980.24609375,1927.27,1982.7695552619753,1460.7584436035156,1328.0588
2011.6619873046875,1923.8752,2005.343962657575,1460.7584436035156,1326.643
2014.0932617187502,1921.3639,2013.8921824255196,1461.026533203125,1320.522
1999.172241210937,1920.2864,1995.40963712135,1460.701717529297,1325.5197
2028.8234863281252,1919.6505,2018.6332677247212,1460.6814770507813,1319.3658
2010.8518066406248,1921.2272,2007.2176660856219,1460.9176989746093,1328.2013
2030.8264160156252,1923.7504,2029.853837746157,1461.0369641113282,1324.114
2077.687744140625,1927.6959,2067.0941550054763,1460.9832482910156,1345.9802
2103.001953125,1933.6515,2085.0939635208597,1461.4349768066406,1339.7742
2078.545654296875,1941.4734,2086.569084504287,1461.2348010253907,1335.0013
2102.619873046875,1949.9257,2092.868126232577,1461.1373876953126,1307.9642
2143.904541015625,1957.4786,2134.6741508843597,1461.5323901367187,1345.362
2111.773193359375,1965.853,2128.2293936584606,1461.20806640625,1339.709
2110.390625,1973.9475,2117.100475755998,1460.6931030273438,1362.2239
2152.961669921875,1982.3939,2159.393703481532,1461.00751953125,1374.9431
2141.663818359375,1991.1503,2149.2045700981494,1460.877010498047,1351.0446
2097.042724609375,1999.4192,2106.4530113197907,1460.9497827148436,1339.599
2101.76220703125,2005.0891,2096.7868974897633,1460.9497827148436,1346.5952
2064.2919921875,2007.8524,2074.733400893642,1460.7722216796874,1317.3975
2062.289794921875,2007.7255,2068.5956476579995,1461.0653271484375,1326.3802
2084.933837890625,2006.1902,2093.276036799498,1461.0653271484375,1322.7194
2084.409423828125,2003.8516,2093.4028296631986,1460.930712890625,1323.1079
2112.822509765625,2000.9402,2107.910210908383,1460.780284423828,1316.8369
2143.045654296875,1997.9381,2142.2143018063953,1460.9832482910156,1341.0448
2170.314453125,1996.9998,2150.7531334075056,1461.2348010253907,1329.6943
2132.367431640625,1998.1755,2135.7320183122724,1461.8255603027344,1310.2236
2134.989501953125,1999.2576,2124.4982218156697,1460.9423388671876,1321.245
2129.45947265625,2000.9044,2135.1852924633263,1460.9423388671876,1323.0917
2154.39208984375,2002.5312,2139.2168240290016,1460.5928991699218,1313.5496
2146.764404296875,2003.6682,2161.031962171863,1460.6724145507812,1316.1141
2140.85302734375,2005.4587,2140.1713931294116,1460.6840405273438,1321.7953
2112.154296875,2008.4353,2120.1658175179728,1460.99814453125,1322.4923
2095.18359375,2010.4584,2107.691340324223,1461.0485900878907,1322.4271
2081.2158203125,2011.676,2085.0309229888517,1460.9423388671876,1324.1144
2053.70849609375,2011.4161,2063.759418472629,1460.5226818847657,1310.8713
2034.2585449218752,2008.2761,2037.8160330023131,1461.2027172851563,1313.296
2042.2193603515625,2002.6097,2038.8515416094872,1461.2027172851563,1308.9088
2049.895263671875,1994.9474,2046.640537584557,1460.4734094238281,1313.1107
2023.8184814453123,1986.4269,2020.5280888504983,1460.0523718261718,1316.3159
2038.9781494140623,1976.4287,2027.7385348710213,1460.8572509765625,1320.5692
2004.082275390625,1967.6578,2004.4541424884553,1460.8572509765625,1326.473
1969.2816162109375,1959.53,1989.682766169088,1461.2297814941405,1321.8218
1921.9434814453125,1950.024,1919.735568369331,1461.522021484375,1315.8226
1949.4979248046875,1937.991,1953.9369308093167,1461.522021484375,1315.4419
1991.2105712890625,1926.102,1988.3927939235357,1461.1523559570312,1316.263
1990.400634765625,1917.5944,1984.2686231377418,1461.424608154297,1315.5668
1960.4146728515625,1912.4233,1962.667385367449,1460.7547216796875,1327.0226
2001.5552978515627,1909.5377,1994.0924227171258,1460.103037109375,1320.6741
1964.0377197265623,1908.9475,1961.1015186615728,1461.3533740234375,1324.3345
1964.3237304687502,1909.1844,1965.3548871998478,1460.7598266601562,1327.0918
1982.5344238281248,1909.9835,1983.0018715407205,1460.7598266601562,1329.7819
1952.3580322265625,1911.066,1969.3485236228953,1460.7598266601562,1327.3346
1926.043212890625,1911.676,1935.3381756986184,1460.9214208984374,1328.1411
1911.121826171875,1911.1609,1923.4806511999484,1460.7919091796875,1320.7166
1894.341064453125,1908.4767,1884.3685135837115,1461.1286352539062,1321.7445
1926.9013671875,1899.7396,1916.3625917844377,1461.3738317871093,1323.2838
1942.4423828125,1892.5216,1946.3996319949472,1460.6856591796875,1323.4012
1951.11865234375,1889.4774,1943.2337730903635,1460.9790661621093,1320.2615
1974.9921875,1888.4604,1967.4634388914205,1460.7794274902344,1320.8779
2000.6650390625,1888.5662,1993.8679351509013,1461.1964404296875,1315.1609
1994.8786621093752,1890.7288,2020.3438512242994,1461.355545654297,1311.4081
2013.0635986328125,1894.9396,2016.6046681465834,1460.8988513183594,1322.2113
2024.6356201171873,1900.2041,2024.9142938980024,1460.1351208496094,1342.1919
2066.40185546875,1907.178,2053.404302301457,1460.791053466797,1343.2357
2134.376708984375,1915.3699,2126.297205629599,1461.452958984375,1358.7681
2190.729736328125,1925.1528,2161.2331144727227,1461.6878503417968,1384.1422
2207.115478515625,1938.395,2204.4518692869633,1463.3900659179687,1426.608
2140.259521484375,1954.8898,2160.1264651663864,1465.7458862304688,1409.7019
2133.50146484375,1970.6183,2143.5313851957803,1467.9609594726562,1410.9843
2141.183349609375,1984.2084,2131.4051993661046,1468.1274279785157,1410.077
2128.201171875,1994.7482,2136.083309453212,1468.0225756835937,1446.5128
2125.137939453125,2002.4478,2126.241825382186,1468.2810998535156,1460.0192
2071.26416015625,2007.8698,2085.3768754669345,1461.364774169922,1424.0863
2043.0637207031252,2009.3346,2047.8686455358538,1461.7260681152343,1347.3342
2118.57421875,2006.27,2110.8635416497345,1461.1614660644532,1380.2418
2136.27294921875,2001.8657,2110.798785724251,1461.4017443847656,1400.6025
2114.538330078125,1998.4258,2123.753538947514,1460.5536169433594,1359.1392
2093.290771484375,1996.2728,2099.3747301647777,1461.0653271484375,1368.8728
2050.697509765625,1994.1301,2057.0358545616236,1461.1759826660157,1358.7524
2050.454345703125,1989.484,2051.2459682009935,1461.3127001953126,1310.8383
2059.7412109375,1982.2216,2060.34745099687,1460.979539794922,1324.152
2014.6192626953125,1974.1832,2018.8909697497263,1461.3102587890626,1312.0652
2024.1494140625,1965.4873,2006.8356014697872,1460.3278552246093,1317.8289
1990.259765625,1957.1008,1999.1495292583945,1461.2297814941405,1317.1309
1997.698974609375,1948.1309,2002.911627163118,1460.893055419922,1317.0809
2020.11376953125,1940.1984,2024.4895278500028,1460.9586083984375,1319.4122
1996.6778564453123,1934.4843,1998.7628285637054,1460.9214208984374,1324.3655
1965.3651123046877,1931.0394,1975.2404144965801,1460.8652209472657,1318.5336
1994.4897460937498,1927.9441,1983.6642772657879,1461.3360327148437,1320.1813
2021.2318115234373,1923.2542,2012.4886825554606,1461.4015161132813,1321.131
2062.852783203125,1919.2821,2047.6933982882451,1460.7589697265626,1322.664
2065.089111328125,1918.1738,2050.8341339952526,1461.053701171875,1321.8944
2003.6791992187498,1920.7126,2015.0210726233654,1460.8783935546876,1314.4474
1957.390869140625,1924.4496,1962.0316440235722,1461.4208752441407,1316.4788
1985.6405029296877,1925.5066,1975.8423541496077,1461.4208752441407,1316.4788
1965.2192382812498,1924.336,1977.9003406745078,1461.4208752441407,1317.146
2014.181884765625,1921.8523,1999.7593584910585,1461.4413330078125,1314.5466
2068.152587890625,1919.5967,2061.138180107044,1461.452958984375,1312.0685
2105.300048828125,1920.8397,2093.833414004559,1461.452958984375,1339.7672
2108.022705078125,1925.328,2118.635998676841,1461.3346166992187,1311.8013
2167.634033203125,1931.8511,2152.206467940561,1461.3346166992187,1339.591
2161.653076171875,1941.0625,2168.9084901229658,1461.3346166992187,1341.2284
2170.210693359375,1952.9062,2170.1053746564776,1461.3133825683594,1338.461
2154.5546875,1966.0387,2161.391483718109,1461.5809899902345,1363.0574
2141.28076171875,1978.9181,2149.790970512062,1461.5551831054688,1369.1952
2137.925537109375,1989.5363,2140.178521480973,1460.755408935547,1356.7347
2123.047607421875,1997.3989,2140.80654116014,1460.917921142578,1366.3582
2102.1396484375,2004.1304,2113.794682811147,1461.0757934570313,1351.0804
2107.877685546875,2009.7228,2111.078874989388,1460.884454345703,1348.9253
2098.201171875,2013.5636,2099.510380898643,1460.6277746582032,1360.8518
2140.0166015625,2015.9719,2147.8292389461203,1461.4437048339844,1340.4603
2139.822265625,2016.9548,2146.8336093542566,1461.024171142578,1341.2118
2145.072998046875,2017.3727,2134.980723808651,1460.72658203125,1317.5804
2193.11181640625,2016.9913,2180.3114098122915,1461.5287927246093,1345.2107
2153.339111328125,2017.0533,2158.423127730088,1461.1286694335938,1318.4937
2152.561279296875,2016.1829,2152.0881014718016,1461.0567236328125,1326.0139
2130.00048828125,2015.4536,2132.1545701620416,1460.9920874023437,1317.3649
2146.093994140625,2013.7065,2157.814837490003,1461.0125451660156,1316.6277
2165.543701171875,2012.4294,2152.029030385089,1460.176043701172,1312.3682
2177.115478515625,2012.6138,2171.83362846422,1461.3275732421876,1315.3342
2157.958251953125,2014.4303,2165.6535884265113,1461.3838391113281,1317.8823
2110.551513671875,2017.1031,2137.878882161603,1461.333271484375,1315.5765
2111.232177734375,2017.6979,2110.9273179916445,1460.930712890625,1323.8448
2146.093994140625,2017.0679,2137.7843785245223,1460.9423388671876,1323.0592
2135.421630859375,2017.1093,2140.8291976539276,1460.9344348144532,1323.7274
2128.06298828125,2017.1451,2117.4545466635986,1460.9381567382814,1320.3875
2114.27197265625,2016.733,2116.583404427319,1461.0369641113282,1323.8464
2128.404296875,2015.737,2111.1626318707763,1460.97396484375,1326.7297
2099.9931640625,2013.2426,2104.495996225706,1460.71728515625,1326.4572
2083.66796875,2010.3895,2082.253781637766,1460.6610192871094,1322.0337
2026.3577880859373,2006.7404,2040.738722075618,1461.7149096679686,1309.976
2049.213623046875,2001.2036,2090.77693945891,1461.4208752441407,1311.0889
2054.33056640625,1995.6791,2053.7883468746063,1461.7149096679686,1310.2313
2092.147705078125,1989.7664,2084.970392784537,1460.8783935546876,1321.2284
2074.407958984375,1985.2289,2090.1136783130405,1460.103037109375,1316.1002
2082.400634765625,1982.4478,2076.638040852015,1460.9418786621093,1328.2299
2107.156982421875,1981.8009,2089.6494291139948,1460.674033203125,1323.0361
2098.82373046875,1982.8704,2104.3233640435783,1460.9176989746093,1324.3118
2115.733642578125,1984.7147,2118.888749814819,1460.9381567382814,1326.9113
2136.396240234375,1987.3788,2133.9661503701404,1460.9381567382814,1321.5001
2128.8427734375,1991.3687,2137.471541036444,1460.9381567382814,1316.9146
2147.410400390625,1996.305,2150.5459533709186,1460.9497827148436,1318.1787
2159.593505859375,2001.7758,2150.434305590161,1460.6931030273438,1334.0725
2140.68505859375,2007.7917,2151.963050475682,1461.0485900878907,1342.8989
2102.137451171875,2014.0529,2119.139909771753,1460.7919104003906,1342.0636
2061.738037109375,2019.6904,2084.8440629289767,1461.5986499023438,1315.1984
2101.50341796875,2021.5135,2106.868649352535,1460.3599389648436,1311.4873
2069.778564453125,2021.005,2081.426522441321,1460.575223388672,1309.6234
2052.137451171875,2018.0929,2042.638964804979,1461.2231750488281,1310.5564
1949.45751953125,2013.126,1961.7120012367768,1461.3081176757812,1310.3976
1950.5784912109373,2003.2667,1964.7670750581456,1460.4436437988281,1313.0226
1984.593994140625,1990.5729,1997.6958232190061,1460.5338366699218,1313.1693
2030.4027099609375,1978.0873,2015.8543955766863,1461.7897583007812,1317.2943
2071.192138671875,1967.7576,2078.0390796944034,1461.0512097167968,1317.499
2062.81005859375,1961.0756,2042.2445578236998,1461.0806604003906,1314.0939
1922.362060546875,1957.142,1924.5377100897458,1461.4092639160156,1315.4323
1904.1846923828125,1950.9728,1910.9474210139795,1461.4036791992187,1315.1168
1724.994384765625,1940.5061,1762.887031411379,1461.4036791992187,1315.0776
1760.520751953125,1923.7471,1629.352666943602,1461.4036791992187,1315.1168
1653.406005859375,1898.4819,1731.6725505617856,1461.4036791992187,1315.1168
1615.9793701171875,1872.0138,1621.535873346062,1461.4036791992187,1314.7457
1612.470458984375,1844.4304,1635.872713298865,1461.4036791992187,1315.1265
1606.53076171875,1816.7511,1620.7926161906246,1461.4036791992187,1314.7457
1764.6949462890625,1788.9059,1785.1215249534212,1461.3025329589843,1317.4794
1639.2728271484375,1766.8965,1683.6424345010682,1461.3025329589843,1315.1168
1672.11328125,1748.2085,1693.104772555481,1461.4208752441407,1315.1168
1718.404296875,1733.328,1743.82533587104,1460.3480822753907,1313.5935
1758.3131103515625,1724.1907,1733.4240309316128,1461.3025329589843,1314.7361
1791.2520751953125,1720.9491,1768.9911793693182,1461.3025329589843,1316.3907
1746.0902099609375,1722.5088,1839.0702370069857,1461.4208752441407,1317.4794
1792.8228759765625,1726.2539,1784.991479392075,1460.9384521484376,1317.7631
1677.6114501953125,1733.0634,1722.7756509126957,1461.4413330078125,1315.7772
1624.05517578125,1740.268,1654.4219640402155,1461.3025329589843,1317.0986
1742.850341796875,1743.6777,1749.2478527393744,1461.3346166992187,1311.989
1674.3714599609375,1746.1777,1735.5194820228157,1461.3346166992187,1315.0819
1733.9654541015625,1747.8606,1735.049871562608,1461.3402014160156,1311.989
1727.19091796875,1749.2698,1747.0582403178782,1461.5323901367187,1312.0223
1703.5301513671875,1751.0844,1738.7224389395774,1461.4413330078125,1317.525
1684.7784423828125,1751.5367,1700.944481982346,1461.452958984375,1315.2145
1773.285400390625,1749.4476,1786.1915499848435,1461.1607189941406,1319.6211
1785.5086669921875,1747.6913,1786.6535783816169,1461.934599609375,1312.0223
1705.9847412109375,1748.6256,1730.4551039950543,1461.149093017578,1317.525
1737.2542724609375,1747.7966,1736.4405182327173,1460.7794274902344,1317.7631
1844.0224609375,1745.4515,1835.3102851090775,1461.3402014160156,1311.989
1785.4105224609375,1744.5013,1796.9926501380526,1461.5207641601562,1314.58
1803.1314697265625,1745.3107,1827.5818905406734,1461.934599609375,1311.436
1825.1724853515625,1748.3273,1817.145039756271,1460.6842626953126,1337.8784
1870.923095703125,1753.3936,1857.2439752893329,1461.3402014160156,1339.9648
1977.740478515625,1758.8597,1965.4083280714756,1461.3346166992187,1357.4067
1895.271240234375,1768.3163,1894.3224832751023,1460.9461193847656,1341.2122
1897.5294189453125,1777.842,1914.067632771604,1461.6053869628906,1339.1918
1868.910400390625,1787.1556,1885.7132101954137,1461.4082763671875,1336.351
1857.1783447265625,1794.6385,1877.8132310823173,1462.125938720703,1336.5376
1858.8963623046875,1799.9531,1873.450102313881,1460.8756018066406,1306.3109
1900.0328369140625,1803.3063,1910.4537591829426,1461.4261401367187,1305.754
1913.9739990234373,1805.6165,1901.365694254354,1462.0057458496094,1364.2938
1914.1214599609373,1808.1422,1911.3631273283138,1460.755408935547,1382.5414
1867.6832275390625,1811.7745,1866.9971903102921,1460.8074877929687,1341.4706
1858.405517578125,1812.3643,1845.2858802781643,1461.5114685058593,1319.2057
1910.14501953125,1811.1215,1884.7280988341372,1461.1402954101563,1344.7347
1913.1396484375,1809.3262,1914.9378607224232,1461.5189123535156,1356.967
1917.9993896484373,1807.6938,1908.482845474206,1460.2685754394531,1374.3425
1954.914306640625,1806.7222,1943.0062010296826,1462.2768225097657,1408.9895
1983.5330810546873,1805.5676,1968.456478553108,1464.9103588867188,1423.2032
1907.592529296875,1807.5786,1918.3680912974312,1462.2985791015626,1386.1389
1968.7574462890625,1809.7037,1946.37815948959,1464.1472131347657,1434.3346
1967.7755126953125,1812.8612,1958.7939055700479,1464.77912109375,1433.8682
1936.40771484375,1817.2855,1942.7793987110304,1463.1455383300781,1397.587
2007.9793701171877,1820.3959,1999.0622969238523,1465.3739404296875,1434.3346
2009.8446044921877,1824.46,2023.2801688100624,1468.2964428710939,1419.8324
2014.7680664062498,1830.9403,2002.3548738349348,1471.163516845703,1423.5511
2059.471435546875,1838.1661,2051.9268716272804,1471.6647717285157,1435.245
2016.8355712890625,1847.1207,2024.7379576348806,1471.1751391601563,1423.5303
2039.975341796875,1856.5243,2042.9366951444727,1469.9699011230468,1424.6536
2040.2703857421875,1865.6494,2050.7520820021787,1469.4086743164062,1437.8462
2076.40771484375,1873.8895,2080.9920040650804,1470.8982543945312,1437.448
2035.9379882812498,1881.4297,2040.8504426157212,1468.9141577148437,1402.7295
2008.2198486328127,1887.8564,2000.9037811725188,1468.980888671875,1398.4209
1998.7672119140623,1890.487,1993.2077932819632,1467.3639184570313,1439.7173
2014.4233398437502,1892.0153,2015.5921908198131,1464.5210375976562,1401.9338
2016.3925781250002,1893.3391,2008.2473430177663,1462.4653674316405,1395.1124
2006.8413085937498,1894.1003,2006.454688401333,1461.8046423339845,1442.5547
2013.24169921875,1895.1768,2034.591681707953,1462.2323266601563,1411.2089
1996.847045898437,1894.8295,1993.8245767561182,1461.6581884765626,1367.8191
2004.0843505859373,1893.6158,1991.6870846614047,1461.3249182128907,1367.522
2010.87841796875,1891.6587,2019.208885153633,1460.5873376464845,1366.9633
1985.1787109375002,1889.5668,1999.6126927927176,1460.951884765625,1370.8864
2086.35302734375,1887.8314,2069.1026545329855,1461.3397924804688,1361.4764
2069.416748046875,1888.0887,2075.4329787190522,1461.6286547851562,1346.521
2050.2158203125,1891.7335,2051.258386737943,1461.714442138672,1354.3746
2059.964111328125,1895.9895,2067.64656866487,1461.331065673828,1344.1312
2124.065185546875,1901.4506,2112.827256261605,1461.921707763672,1423.6488
2165.913330078125,1909.4457,2157.4099226455705,1469.0637133789062,1454.444
2228.489013671875,1920.6477,2217.0672640923417,1471.518065185547,1453.3685
2235.086181640625,1934.533,2227.074449813401,1472.8372143554689,1453.391
2184.867919921875,1950.4093,2188.1193102831394,1470.290966796875,1424.1343
2170.54150390625,1965.974,2174.8525349428087,1471.0428491210937,1423.5303
2188.265625,1979.0565,2183.867313417829,1471.6126843261718,1420.5634
2185.95166015625,1988.2202,2196.726370119288,1470.0552319335939,1436.7462
2138.638427734375,1996.5764,2164.106440796219,1470.0289599609375,1435.437
2199.638427734375,2002.6664,2203.5122638813177,1470.9745092773437,1437.8344
2205.41162109375,2007.3373,2263.639893430247,1470.915693359375,1436.9565
2171.85791015625,2011.3752,2174.3117173002424,1469.8546105957032,1437.4686
2178.913818359375,2014.626,2178.434934090525,1468.6877209472657,1437.8462
2195.8388671875,2017.7316,2184.0216947708536,1467.8395935058593,1433.937
2162.1865234375,2021.2513,2164.0906300798415,1466.938936767578,1400.1506
2142.69580078125,2023.428,2136.699608125603,1463.435078125,1403.6731
2129.076904296875,2023.0929,2107.1336584820892,1461.3913903808593,1410.3898
2177.828369140625,2018.6189,2169.845601774216,1462.2544104003907,1411.4142
2279.427001953125,2013.906,2264.312261772079,1466.054677734375,1422.476
2246.16943359375,2012.8975,2261.919661363885,1469.3910583496095,1381.3296
2249.573974609375,2016.0616,2290.5008528594153,1469.27830078125,1381.197
2251.44921875,2021.8523,2259.4562056653604,1471.5520141601562,1381.2427
2224.556640625,2029.365,2224.194929317744,1469.188787841797,1423.1265
2220.165283203125,2037.4507,2209.431763899706,1465.1327331542968,1398.3131
2229.836669921875,2044.0306,2253.3864010066445,1464.5172216796875,1400.0972
2277.798828125,2049.7307,2270.4978526654763,1468.7986779785156,1437.0022
2265.216064453125,2056.0098,2274.372301072661,1468.3852673339843,1437.9628
2252.830810546875,2063.0637,2258.315040038472,1465.1401770019531,1400.1733
2249.96875,2069.845,2264.0648001857912,1463.6380578613282,1436.2865
2227.71484375,2076.3203,2231.4623092043425,1462.269169921875,1437.8258
2224.8525390625,2081.504,2244.5741574650106,1461.0188330078124,1433.8
2212.7138671875,2085.9587,2218.1689584325777,1460.7879736328125,1367.4629
2223.81640625,2088.484,2218.400024253151,1460.0793408203126,1363.661
2239.951904296875,2087.251,2239.790299012145,1461.3745520019531,1367.0426
2226.974609375,2085.5935,2231.568530425922,1460.9723425292968,1367.972
2223.274169921875,2083.9673,2224.677122698998,1461.014874267578,1371.0161
2219.079833984375,2082.1404,2221.086365607202,1460.994422607422,1363.4845
2218.58642578125,2081.3184,2209.871450016865,1460.7377429199219,1322.2632
2213.2080078125,2081.0085,2207.2933783512644,1460.994422607422,1326.091
2223.91552734375,2080.4763,2205.003070840103,1460.1086376953126,1319.6127
2218.882080078125,2077.5493,2232.1485474269957,1460.9805932617187,1320.68
2209.161376953125,2074.3896,2220.6810184315004,1460.9567651367188,1322.7623
2227.6162109375,2071.844,2226.3499569090663,1461.3690795898438,1322.263
2216.859375,2070.0286,2224.3151484939576,1460.824305419922,1322.4141
2235.412353515625,2070.285,2227.022860866993,1461.0097705078124,1323.831
2269.311279296875,2072.8657,2278.9711794531026,1461.2669702148437,1344.6803
2258.751708984375,2078.3787,2270.2778135527437,1461.1681628417969,1340.7244
2296.499755859375,2084.0664,2292.9750168474825,1461.1607189941406,1339.9855
2317.371826171875,2090.4683,2338.5702902610856,1461.1994299316407,1367.5652
2297.092041015625,2098.4219,2311.8517116963467,1460.9677880859374,1347.1157
2300.545654296875,2106.5872,2303.713815390312,1460.6203308105469,1354.2267
2342.93212890625,2115.006,2338.411415538321,1461.5270104980468,1372.52
2458.692138671875,2123.3938,2445.281998711368,1469.6023950195313,1426.1389
2458.692138671875,2133.3162,2473.662156719146,1471.9742163085937,1462.6777
2470.14013671875,2145.9744,2455.538425449414,1472.2201916503907,1480.4344
2428.641845703125,2160.7668,2432.4080944883694,1472.8758032226563,1453.391
2417.73681640625,2174.1812,2427.001782985741,1472.4824279785157,1454.444
2432.934814453125,2185.6616,2453.4832795347784,1472.4082543945312,1453.391
2489.828125,2195.6519,2488.8421224171793,1473.49607421875,1455.8394
2435.05615234375,2204.1948,2413.485866553926,1472.2975927734376,1436.2507
2301.63134765625,2209.5498,2309.960978242788,1470.3788696289062,1385.9747
2390.499267578125,2208.8293,2378.9560482419733,1470.3639819335938,1381.197
2394.44677734375,2204.802,2363.8028740724067,1470.3639819335938,1381.364
2455.7314453125,2200.8652,2451.951948466143,1470.5741528320314,1423.876
2459.580322265625,2198.9497,2444.1246266116823,1470.1507763671875,1424.4158
2490.3212890625,2200.1238,2479.778125670874,1468.5419360351561,1422.2892
2670.27734375,2204.5002,2653.4876767933133,1473.8013391113282,1423.4095
2678.666015625,2210.9722,2636.719996419852,1473.8013391113282,1423.4095
2700.03173828125,2222.3237,2688.175175890935,1473.8013391113282,1423.4095
2788.603515625,2237.677,2819.988752056,1473.8013391113282,1453.3749
2776.020751953125,2255.3286,2758.933546016867,1473.8013391113282,1440.2877
2792.846923828125,2275.9128,2788.173355439061,1473.8013391113282,1440.3334
2789.442138671875,2298.4875,2787.0514018603794,1473.806923828125,1424.9548
2784.536376953125,2320.9412,2773.8825937413076,1474.0522009277345,1453.4899
2716.152099609375,2342.4053,2734.814824778561,1475.2041906738282,1474.7794
2738.6494140625,2361.3743,2723.7794966066576,1474.6980578613282,1474.8251
2687.36083984375,2376.516,2698.932615763915,1473.5053759765624,1453.4131
2714.566162109375,2387.8618,2715.917486071784,1473.3728564453124,1453.4131
2651.533203125,2395.7402,2663.400008699108,1473.9196813964843,1423.4552
2647.3212890625,2399.3738,2630.8732460475494,1473.9196813964843,1423.4552
2662.831787109375,2398.6504,2654.5437058863376,1473.1780297851562,1397.9633
2664.21923828125,2394.9333,2658.657658380454,1471.9276928710938,1395.5602
2606.68701171875,2390.4644,2626.4996965051987,1470.9314904785156,1400.9957
2598.80810546875,2384.87,2589.470273665172,1470.0019946289062,1388.3073
2609.164794921875,2376.4187,2605.372870680327,1467.2046789550782,1400.2313
2641.077880859375,2367.3018,2623.382763446345,1462.884559326172,1400.2313
2581.364990234375,2359.6624,2588.5685789181157,1459.9679772949219,1362.0695
2610.106689453125,2353.6116,2614.3395961877845,1459.9756420898439,1365.9376
2629.48193359375,2349.3503,2663.690788209493,1460.972918701172,1367.1711
2661.74169921875,2347.609,2660.554964439889,1461.0139514160155,1365.7523
2683.29736328125,2349.4968,2666.1700107252873,1461.08427734375,1362.8566
2702.27685546875,2354.7861,2684.546137456839,1461.3897692871094,1352.6036
2625.9638671875,2362.367,2634.4811354327644,1461.5869274902343,1353.9667
2663.82275390625,2369.2856,2639.753210181468,1461.6009887695313,1362.7704
2647.222412109375,2375.865,2662.8422648794126,1460.6110437011719,1366.3363
2633.149169921875,2382.0674,2620.3277403474644,1460.674033203125,1363.0012
2642.26708984375,2386.4792,2638.3340652173238,1460.9832482910156,1315.2554
2603.21826171875,2391.1292,2599.2910906230427,1460.971622314453,1316.5052
2613.376708984375,2394.248,2634.5837749242974,1461.333271484375,1317.1877
2636.5185546875,2396.011,2627.3479479206167,1460.22974609375,1314.582
2699.947509765625,2397.0679,2678.793969483372,1460.948956298828,1341.8585
2697.767333984375,2400.4785,2692.8001428820735,1461.837186279297,1335.3562
2677.20263671875,2405.8762,2673.0704227400006,1461.934599609375,1305.8999
2696.330322265625,2411.2227,2686.4162181458055,1461.2348010253907,1301.3655
2655.74560546875,2415.727,2661.325756803711,1461.3258276367187,1319.6808
2702.474853515625,2417.4016,2659.589480807927,1460.9373303222656,1317.5011
2725.02197265625,2417.778,2710.6732966130785,1460.6277746582032,1338.3446
2685.27978515625,2420.8132,2696.3136586232604,1460.9253637695313,1317.5364
2703.21826171875,2424.646,2695.727539954604,1460.077236328125,1313.9695
2713.277587890625,2428.5906,2704.7048760066004,1460.884454345703,1343.2572
2772.34619140625,2432.8535,2758.761060694378,1461.5287927246093,1343.1113
2785.725830078125,2437.8513,2792.383031879672,1461.8219555664064,1403.0524
2759.4619140625,2445.6882,2768.8993415447703,1461.8155603027344,1416.2408
2758.7685546875,2454.3997,2754.9580768083383,1462.067823486328,1428.8846
2772.742431640625,2462.3835,2745.4162570644658,1462.3265856933594,1432.2078
2736.9150390625,2468.4783,2742.9438492987115,1461.3082861328126,1410.8877
2789.095458984375,2472.3525,2771.345823386933,1462.3340295410155,1433.1733
2812.881103515625,2475.857,2813.2597009527854,1465.0383471679688,1437.8462
2835.477783203125,2479.9656,2847.0367623438315,1468.8886474609376,1447.6912
2794.9921875,2485.8271,2797.680791040722,1467.5150463867187,1432.4181
2846.875,2491.2043,2831.5672532891886,1470.3242224121093,1424.6536
2882.802001953125,2496.4993,2873.646851212675,1469.8783044433594,1454.3773
2883.396728515625,2503.606,2870.203237776845,1470.3307177734375,1449.6572
2903.267578125,2512.023,2903.2268819635897,1471.495732421875,1460.7386
2904.357666015625,2521.1873,2912.4708457908882,1470.785467529297,1427.9935
2883.346923828125,2529.9895,2889.907036133262,1469.8069287109374,1421.168
2837.212158203125,2537.2258,2834.450800550337,1470.1698571777345,1435.5774
2902.1279296875,2541.2646,2897.062267310992,1468.911845703125,1434.4192
3012.3359375,2544.7283,2995.615375147831,1472.8351098632813,1434.5846
3065.408203125,2549.7607,3065.3022320042064,1473.9226928710937,1453.391
3024.2783203125,2558.6658,3029.4167921927847,1473.4791015625,1430.616
3005.7451171875,2569.6455,2990.356654723079,1473.4791015625,1423.5303
3093.05908203125,2580.2273,3066.7377106588647,1473.8013391113282,1420.609
3148.113525390625,2590.8794,3144.5673416905106,1473.9226928710937,1453.3453
3146.5283203125,2603.86,3148.4288108324404,1473.6060400390625,1453.3611
3130.769775390625,2618.5376,3105.6838665094433,1473.3835510253907,1439.9629
3227.832275390625,2632.3496,3188.268021878645,1473.9226928710937,1453.3229
3210.6044921875,2644.8086,3217.399890149106,1473.8013391113282,1454.444
3199.0859375,2657.839,3179.8092538115616,1473.9196813964843,1435.245
3237.76171875,2670.2825,3236.933668697552,1473.2840393066406,1454.755
3285.5234375,2683.0771,3282.6370576278196,1474.6573657226563,1473.9155
3250.8193359375,2696.9812,3245.537559573701,1472.4321899414062,1454.8214
3279.86376953125,2710.3145,3271.060637842047,1472.9678588867187,1456.9279
3268.146484375,2721.536,3278.9744609768886,1472.4507922363282,1439.9884
3238.109375,2731.594,3221.2159493611944,1471.7175219726562,1432.0806
3174.06298828125,2740.0007,3198.1097971720937,1472.873233642578,1424.3037
3089.462646484375,2745.2615,3107.7872756794027,1473.8013391113282,1386.0204
3117.265625,2744.597,3082.910863698374,1473.4979333496094,1387.4132
3180.91455078125,2738.9917,3170.7790152114735,1472.8523046875,1386.8644
3177.53857421875,2734.1848,3165.507147757107,1472.7411694335938,1378.861
3166.02001953125,2731.5327,3169.290991178316,1470.9377478027343,1391.2397
3135.734619140625,2729.8276,3120.2553772212823,1469.2461645507813,1405.4852
3191.489990234375,2728.1567,3160.943288413276,1469.2008264160156,1383.2112
3154.55126953125,2728.0613,3179.2257375807676,1467.8470373535156,1398.5126
3190.6953125,2728.5127,3159.521650647367,1468.639599609375,1407.1312
3183.446533203125,2729.0862,3166.2320009390232,1466.6652966308593,1408.8839
3168.353515625,2731.0073,3195.1962737449276,1463.0410192871093,1401.3699
3117.76220703125,2732.7964,3124.056599656689,1460.0014440917969,1406.6184
3086.930419921875,2733.6467,3099.1647329449047,1461.5635522460936,1355.1235
3051.481689453125,2732.9407,3057.965532713834,1461.3372277832032,1354.8649
3035.842529296875,2730.358,3040.835282000969,1461.4816064453125,1355.0311
3050.240478515625,2726.7305,3027.3309570564065,1461.0963549804687,1311.8916
2937.63818359375,2722.0789,2965.333045449537,1461.5804138183594,1311.2959
2959.235107421875,2714.1206,2985.611865478705,1461.034013671875,1311.2587
2927.361083984375,2704.7273,2938.215082464397,1461.0151818847655,1311.088
2974.22900390625,2693.9875,2989.4348427084005,1461.4208752441407,1316.0889
2873.939453125,2684.8936,2888.9380081689446,1461.4036791992187,1315.4419
2903.629150390625,2673.8772,2914.3412499170095,1461.6995654296875,1316.0967
2985.201416015625,2663.7383,2982.2587107681693,1461.812322998047,1315.4005
3037.580078125,2656.4797,3010.332174380644,1461.9025158691406,1317.7631
3028.24609375,2653.5034,3035.4026521622086,1460.9328674316407,1317.7631
2986.88916015625,2653.533,3010.1025751499333,1461.7897583007812,1317.5583
2985.796875,2655.1104,2990.4297054920225,1461.3410546875,1318.7631
3029.4873046875,2657.7478,3023.3612975596398,1461.3780249023437,1318.5022
3049.3466796875,2661.529,3060.362671501723,1460.971622314453,1321.937
3036.438232421875,2667.0596,3063.07047068389,1460.9790661621093,1322.6628
3044.580322265625,2672.9844,3063.2255522339274,1461.3854577636719,1345.9802
3088.171630859375,2679.6287,3101.634763170028,1461.1607189941406,1342.9344
3091.051025390625,2686.1558,3109.01271207011,1460.791053466797,1346.2631
3015.13916015625,2693.5415,3024.8285561553002,1460.7722216796874,1320.4022
3028.742431640625,2698.6353,3044.422685903655,1461.1607189941406,1348.8204
3107.633544921875,2702.3433,3082.0803889143135,1461.20806640625,1345.9874
3120.49267578125,2705.9292,3131.4217265251614,1461.934599609375,1341.3905
3099.14404296875,2710.648,3117.412106600048,1461.2348010253907,1302.5189
3043.28955078125,2714.7217,3058.676844626037,1461.9229736328125,1309.7665
3045.225830078125,2716.433,3056.6747293194417,1461.064461669922,1306.8553
3136.33056640625,2717.0078,3131.3828298897656,1461.452958984375,1336.1322
3155.49462890625,2717.9666,3157.7770972158346,1461.3296948242187,1332.0563
3142.73486328125,2720.5537,3152.4139804566566,1461.452958984375,1335.3191
3216.114990234375,2724.071,3203.154122081753,1461.525955810547,1361.3772
3241.733642578125,2728.7615,3220.4379918378554,1465.6223449707031,1383.0477
3248.386474609375,2736.453,3228.887044767261,1470.1884362792969,1379.3438
3294.013427734375,2745.2825,3290.689314459913,1471.2551037597657,1422.2188
3298.87890625,2755.219,3297.5485161133033,1472.169267578125,1454.3685
3223.711669921875,2767.805,3231.4411020061334,1472.5954235839845,1423.5303
3082.2138671875,2778.1975,3088.6134278278214,1471.4983032226562,1386.7072
3196.3056640625,2779.8442,3151.18421228897,1469.22458984375,1381.3069
3172.6728515625,2777.512,3193.436212087375,1466.193115234375,1381.7141
3139.5576171875,2775.4915,3134.547683234327,1461.5075170898438,1386.919
3122.428955078125,2773.171,3133.540115963883,1462.1357116699219,1346.6072
3096.860107421875,2771.144,3091.740075944337,1461.446375732422,1351.7898
3087.62548828125,2767.5952,3078.333249962007,1461.3780249023437,1359.1005
3078.98681640625,2762.3982,3105.6536225251584,1461.2231750488281,1310.4435
3109.967041015625,2756.5962,3101.3608905790866,1461.0332434082031,1327.9084
3102.122802734375,2750.667,3098.426832282642,1460.9176989746093,1323.7688
3093.3349609375,2745.312,3098.9988050734696,1460.97396484375,1323.2745
3014.295166015625,2740.8044,3041.106639072666,1460.893055419922,1315.2854
3015.6357421875,2734.2307,3006.7734374279316,1461.1662280273438,1316.931
3028.295654296875,2725.9844,3042.9516299405564,1461.268057861328,1313.116
3073.922607421875,2718.637,3059.3566737363576,1461.3780249023437,1313.0615
3089.561767578125,2714.9949,3082.1220631197875,1461.1662280273438,1321.0205
3110.86083984375,2712.3435,3113.034015964622,1461.3575671386718,1321.1226
3123.3720703125,2712.3235,3118.928703636348,1461.2231750488281,1311.0594
3100.633544921875,2714.9055,3077.019018042851,1461.2231750488281,1314.8634
3065.879638671875,2717.7969,3060.354571730616,1460.930712890625,1327.5671
3030.033447265625,2720.193,3035.5511930488574,1460.9139770507813,1327.5247
3048.1552734375,2721.0103,3037.226643673076,1461.1964404296875,1322.4592
3067.0712890625,2720.402,3084.718908407575,1460.8783935546876,1327.3865
3060.31884765625,2719.8481,3076.6488736968117,1460.9102551269532,1327.3865
3038.4736328125,2719.2925,3049.1853187925453,1460.6610192871094,1327.1805
3058.829345703125,2717.926,3055.0388872719495,1461.0060485839845,1325.7935
3059.822509765625,2718.1025,3070.7927728582054,1461.0060485839845,1325.4287
3107.218994140625,2719.4094,3106.968151624366,1460.9497827148436,1347.7173
3151.6220703125,2722.3872,3137.4804181859863,1461.3896508789062,1343.1327
3173.0751953125,2726.628,3195.505496639994,1461.452958984375,1340.1715
3136.754638671875,2731.6482,3148.19701699915,1461.3896508789062,1313.1696
3152.2705078125,2736.724,3141.1820858531587,1461.3896508789062,1311.6393
3146.134033203125,2741.2898,3137.688566756645,1461.292237548828,1309.8854
3122.63525390625,2745.711,3125.3165332868452,1460.6931030273438,1316.7126
3134.40966796875,2749.466,3127.1794288363617,1461.0485900878907,1343.2762
3136.904296875,2753.8462,3141.6754130580243,1461.0485900878907,1342.7988
3176.268310546875,2757.6123,3165.423571705246,1460.7919104003906,1337.6425
3193.18115234375,2761.0378,3208.6276219125934,1460.6277746582032,1340.9901
3193.28125,2765.672,3195.05315059998,1461.063544921875,1378.2827
3209.795166015625,2771.6018,3199.1587080931413,1461.4469226074218,1379.5242
3266.671142578125,2777.8552,3277.3635749394844,1462.89013671875,1409.101
3269.215576171875,2784.5967,3286.011275599848,1466.0078198242188,1417.8328
3255.64501953125,2792.4067,3254.7650720887864,1468.4787145996095,1431.1403
3267.219970703125,2799.6636,3269.73555930997,1469.9578076171874,1443.5228
3310.525390625,2805.8154,3306.977729026969,1471.1318920898439,1479.1278
3290.119873046875,2812.806,3295.448178933067,1470.3602624511718,1454.1094
3265.97265625,2819.5789,3258.916533720874,1469.7550805664061,1442.7437
3294.01123046875,2824.7522,3299.308688439496,1470.1886743164061,1464.9495
3254.2978515625,2830.3442,3269.7489502555063,1469.3344995117188,1443.2197
3366.253662109375,2834.616,3347.826499719488,1471.6545385742188,1454.392
3373.43798828125,2838.5137,3367.6325033245566,1470.4946362304688,1453.0953
3329.48388671875,2843.47,3335.3174952705313,1470.785467529297,1429.7457
3333.5751953125,2848.3833,3334.6818928154694,1470.5752966308594,1431.572
3338.46435546875,2852.6995,3356.1671215923234,1470.5752966308594,1429.6501
3334.2236328125,2856.4678,3331.192590003738,1470.3388537597657,1386.9855
3318.20849609375,2859.133,3300.789867074019,1468.6135461425781,1403.4047
3313.768310546875,2859.9702,3327.0991922311264,1468.6135461425781,1404.9766
3255.196044921875,2860.366,3271.6747492985,1464.0648889160157,1401.7188
3267.818359375,2858.5022,3245.6455787072446,1460.822830810547,1406.0049
3251.404296875,2854.1917,3242.7952930964225,1461.4452160644532,1353.2478
3201.163818359375,2849.1365,3227.3648989427966,1461.7257250976563,1354.3251
3186.146728515625,2842.181,3191.6320616886496,1461.3575671386718,1359.7609
3180.60888671875,2834.4885,3176.8457705088076,1461.3575671386718,1352.4614
3207.550048828125,2827.2107,3200.759585446066,1460.979539794922,1323.295
3202.949951171875,2817.9905,3203.026551353853,1460.820284423828,1322.5952
3194.800048828125,2808.7935,3196.7521174725675,1460.7584436035156,1318.6476
3184.60009765625,2801.0872,3184.6343843085792,1460.8147094726562,1322.5897
3205.800048828125,2793.95,3183.342093958189,1460.8147094726562,1322.9921
3216.35009765625,2788.1467,3211.9942227602965,1460.9567651367188,1319.5117
3212.85009765625,2784.1733,3218.3626243569092,1460.8147094726562,1322.6106
3197.550048828125,2782.5627,3206.7748844514595,1460.8147094726562,1320.3273
3182.949951171875,2782.063,3177.1912486577307,1460.8147094726562,1326.6091
3197.800048828125,2782.4834,3161.0646494380235,1460.8147094726562,1328.1521
3195.800048828125,2782.7356,3211.2523604829958,1460.97396484375,1328.2213
3167.449951171875,2783.919,3181.9319917833996,1461.0574157714843,1325.1769
3219.39990234375,2785.5327,3205.4730791456873,1460.2413720703125,1317.3074
3284.89990234375,2789.1162,3270.922350450698,1460.9858801269531,1343.913
3273.949951171875,2795.4983,3275.406111558937,1461.5323901367187,1339.8833
3283.949951171875,2803.5208,3292.7283044427013,1461.2348010253907,1332.8561
3309.800048828125,2812.3315,3304.572791553278,1461.2348010253907,1337.788
3322.699951171875,2821.4744,3323.080161825719,1461.4436657714843,1355.2649
3333.89990234375,2831.655,3340.120537476286,1461.3977893066406,1363.7301
3344.199951171875,2841.5676,3341.344263045874,1460.877010498047,1375.9282
3351.75,2851.028,3356.2256595591507,1461.2586059570312,1379.274
3463.39990234375,2859.833,3451.6924248112637,1469.6561059570313,1427.678
3472.949951171875,2869.1165,3469.86165819866,1470.6271508789061,1466.6896
3553.050048828125,2880.759,3526.0841392606153,1475.440634765625,1474.9464
3560.550048828125,2893.5024,3561.134962119081,1474.1700622558594,1478.4689
3559.5,2908.312,3546.9762189838916,1474.1895849609375,1477.9257
3637.39990234375,2923.129,3636.538353700845,1474.3125805664063,1473.9155
3613.199951171875,2938.1729,3619.6146122904574,1473.87572265625,1478.4689
3659.0,2953.0662,3669.974448107393,1473.6618298339845,1479.0479
3671.85009765625,2967.6448,3669.2526375776874,1473.7727282714843,1478.655
3720.14990234375,2981.7117,3699.3141875805486,1474.3369970703125,1474.9464
3701.300048828125,2994.445,3708.6228124055074,1473.7801721191406,1479.0479
3786.449951171875,3006.5503,3771.830524680434,1474.0935778808594,1474.3088
3714.949951171875,3018.0623,3742.927046941284,1473.2803173828124,1453.6737
3836.75,3028.2769,3813.989613242709,1474.5390234375,1473.9155
3842.050048828125,3037.7144,3828.5531659154176,1473.6776306152344,1463.5552
3852.0,3047.5784,3834.4759417514288,1473.6776306152344,1463.5552
3815.89990234375,3057.9604,3817.701065144812,1472.519832763672,1450.124
3774.14990234375,3067.45,3763.843506146065,1473.9196813964843,1424.5612
3791.39990234375,3073.7412,3777.4646737587095,1472.638175048828,1431.2837
3845.35009765625,3078.773,3825.0851034249454,1472.2331774902343,1444.284
3885.89990234375,3082.83,3859.68968820445,1472.54076171875,1440.8163
3954.5500488281245,3088.304,3934.4259248027147,1472.7411694335938,1442.5308
3903.300048828125,3095.7593,3926.5245239981145,1472.8523046875,1425.2034
3827.85009765625,3104.035,3841.602109245995,1473.8013391113282,1381.197
3823.5,3109.5168,3840.8118617729497,1472.5254174804688,1382.4991
3862.949951171875,3113.847,3835.8808074978842,1472.638175048828,1386.055
3862.14990234375,3117.3162,3872.236017951363,1472.638175048828,1430.1578
3869.25,3122.1023,3840.945473847476,1472.638175048828,1386.5674
3871.300048828125,3125.9216,3894.660161957613,1472.2406213378906,1402.0082
3836.949951171875,3130.0864,3822.7753083627076,1472.1081018066407,1404.0519
3779.14990234375,3133.4685,3768.2906063248297,1472.4507922363282,1404.6681
3791.89990234375,3135.1858,3758.1690665568385,1472.7620983886718,1383.6614
3773.199951171875,3135.47,3768.6980518537093,1470.3574633789062,1391.5142
